Id,SampleDay,SampleMonth,SampleYear,SiteId,SourceId,Habitat,TrophicStatus,Depth,AirTemp,WaterTemp,CloudCover,CanopyCover,Light,LightUnits,Notes,SampleDate
851,28,12,2017,83,2,NA,NA,0.5,NA,12.5,NA,NA,NA,NA,NA,2017-12-28
1051,19,12,2017,87,2,NA,NA,NA,NA,22.2,NA,NA,NA,NA,NA,2017-12-19
2000,18,12,2017,96,2,NA,NA,NA,NA,9.6,NA,NA,NA,NA,NA,2017-12-18
3918,18,12,2017,122,2,NA,NA,NA,NA,4.6,NA,NA,NA,NA,NA,2017-12-18
3771,14,12,2017,120,2,NA,NA,NA,NA,3.8,NA,NA,NA,NA,NA,2017-12-14
3438,13,12,2017,114,2,NA,NA,NA,NA,0,NA,NA,NA,NA,NA,2017-12-13
2220,13,12,2017,98,2,NA,NA,0.5,NA,12.5,NA,NA,NA,NA,NA,2017-12-13
2487,13,12,2017,101,2,NA,NA,0.5,NA,12.8,NA,NA,NA,NA,NA,2017-12-13
441,13,12,2017,80,2,NA,NA,NA,NA,3.1,NA,NA,NA,NA,NA,2017-12-13
276,12,12,2017,79,2,NA,NA,NA,NA,1.3,NA,NA,NA,NA,NA,2017-12-12
617,12,12,2017,81,2,NA,NA,NA,NA,3.1,NA,NA,NA,NA,NA,2017-12-12
1844,12,12,2017,95,2,NA,NA,NA,NA,6,NA,NA,NA,NA,NA,2017-12-12
1705,12,12,2017,93,2,NA,NA,NA,NA,6.3,NA,NA,NA,NA,NA,2017-12-12
1212,12,12,2017,88,2,NA,NA,NA,NA,18.8,NA,NA,NA,NA,NA,2017-12-12
2328,12,12,2017,99,2,NA,NA,NA,NA,7.5,NA,NA,NA,NA,NA,2017-12-12
3770,12,12,2017,120,2,NA,NA,NA,NA,4.1,NA,NA,NA,NA,NA,2017-12-12
3275,11,12,2017,113,2,NA,NA,NA,NA,0.1,NA,NA,NA,NA,NA,2017-12-11
1999,11,12,2017,96,2,NA,NA,NA,NA,7.4,NA,NA,NA,NA,NA,2017-12-11
616,6,12,2017,81,2,NA,NA,NA,NA,6.6,NA,NA,NA,NA,NA,2017-12-06
275,6,12,2017,79,2,NA,NA,NA,NA,6.4,NA,NA,NA,NA,NA,2017-12-06
440,5,12,2017,80,2,NA,NA,NA,NA,8.8,NA,NA,NA,NA,NA,2017-12-05
777,5,12,2017,7,2,NA,NA,0.5,NA,20.5,NA,NA,NA,NA,NA,2017-12-05
1642,5,12,2017,92,2,NA,NA,NA,NA,4.8,NA,NA,NA,NA,NA,2017-12-05
3683,5,12,2017,118,2,NA,NA,NA,NA,0.1,NA,NA,NA,NA,NA,2017-12-05
2486,5,12,2017,101,2,NA,NA,0.5,NA,16.2,NA,NA,NA,NA,NA,2017-12-05
2219,5,12,2017,98,2,NA,NA,0.5,NA,16.1,NA,NA,NA,NA,NA,2017-12-05
2771,5,12,2017,104,2,NA,NA,NA,NA,1,NA,NA,NA,NA,NA,2017-12-05
4336,5,12,2017,128,2,NA,NA,0.5,NA,0.4,NA,NA,NA,NA,NA,2017-12-05
4658,5,12,2017,122,2,NA,NA,NA,NA,4,NA,NA,NA,NA,NA,2017-12-05
4656,4,12,2017,120,2,NA,NA,NA,NA,5.9,NA,NA,NA,NA,NA,2017-12-04
966,4,12,2017,84,2,NA,NA,0.5,NA,NA,NA,NA,NA,NA,NA,2017-12-04
2770,30,11,2017,104,2,NA,NA,NA,NA,2.7,NA,NA,NA,NA,NA,2017-11-30
5101,30,11,2017,170,3,Benthic,NA,NA,NA,NA,NA,NA,NA,NA,NA,2017-11-30
5097,30,11,2017,87,3,Benthic,NA,NA,NA,NA,NA,NA,NA,NA,NA,2017-11-30
5799,29,11,2017,217,3,Pelagic,NA,NA,NA,NA,NA,NA,NA,NA,NA,2017-11-29
5760,29,11,2017,213,3,Pelagic,NA,NA,NA,NA,NA,NA,NA,NA,NA,2017-11-29
5739,29,11,2017,211,3,Pelagic,NA,NA,NA,NA,NA,NA,NA,NA,NA,2017-11-29
5720,29,11,2017,209,3,Pelagic,NA,NA,NA,NA,NA,NA,NA,NA,NA,2017-11-29
5689,29,11,2017,22,3,Pelagic,NA,NA,NA,NA,NA,NA,NA,NA,NA,2017-11-29
439,29,11,2017,80,2,NA,NA,NA,NA,6.9,NA,NA,NA,NA,NA,2017-11-29
1050,29,11,2017,87,2,NA,NA,NA,NA,22.4,NA,NA,NA,NA,NA,2017-11-29
1211,28,11,2017,88,2,NA,NA,NA,NA,19.3,NA,NA,NA,NA,NA,2017-11-28
615,28,11,2017,81,2,NA,NA,NA,NA,4.2,NA,NA,NA,NA,NA,2017-11-28
3917,28,11,2017,122,2,NA,NA,NA,NA,5.1,NA,NA,NA,NA,NA,2017-11-28
1843,27,11,2017,95,2,NA,NA,NA,NA,7,NA,NA,NA,NA,NA,2017-11-27
2218,21,11,2017,98,2,NA,NA,0.5,NA,17.8,NA,NA,NA,NA,NA,2017-11-21
2485,21,11,2017,101,2,NA,NA,0.5,NA,18.6,NA,NA,NA,NA,NA,2017-11-21
5124,21,11,2017,171,3,Benthic,NA,NA,NA,NA,NA,NA,NA,NA,NA,2017-11-21
5120,21,11,2017,88,3,Benthic,NA,NA,NA,NA,NA,NA,NA,NA,NA,2017-11-21
3769,20,11,2017,120,2,NA,NA,NA,NA,7.2,NA,NA,NA,NA,NA,2017-11-20
1998,20,11,2017,96,2,NA,NA,NA,NA,8.9,NA,NA,NA,NA,NA,2017-11-20
614,20,11,2017,81,2,NA,NA,NA,NA,4.4,NA,NA,NA,NA,NA,2017-11-20
5623,16,11,2017,205,3,Pelagic,NA,NA,NA,NA,NA,NA,NA,NA,NA,2017-11-16
5643,16,11,2017,207,3,Pelagic,NA,NA,NA,NA,NA,NA,NA,NA,NA,2017-11-16
5604,16,11,2017,203,3,Pelagic,NA,NA,NA,NA,NA,NA,NA,NA,NA,2017-11-16
5584,16,11,2017,201,3,Pelagic,NA,NA,NA,NA,NA,NA,NA,NA,NA,2017-11-16
5568,16,11,2017,200,3,Pelagic,NA,NA,NA,NA,NA,NA,NA,NA,NA,2017-11-16
5531,16,11,2017,20,3,Pelagic,NA,NA,NA,NA,NA,NA,NA,NA,NA,2017-11-16
3274,15,11,2017,113,2,NA,NA,NA,NA,0,NA,NA,NA,NA,NA,2017-11-15
3437,14,11,2017,114,2,NA,NA,NA,NA,0,NA,NA,NA,NA,NA,2017-11-14
3916,14,11,2017,122,2,NA,NA,NA,NA,4.9,NA,NA,NA,NA,NA,2017-11-14
2327,14,11,2017,99,2,NA,NA,NA,NA,11.8,NA,NA,NA,NA,NA,2017-11-14
850,14,11,2017,83,2,NA,NA,0.5,NA,17.1,NA,NA,NA,NA,NA,2017-11-14
1704,14,11,2017,93,2,NA,NA,NA,NA,10.3,NA,NA,NA,NA,NA,2017-11-14
1049,14,11,2017,87,2,NA,NA,NA,NA,23,NA,NA,NA,NA,NA,2017-11-14
1210,13,11,2017,88,2,NA,NA,NA,NA,20.7,NA,NA,NA,NA,NA,2017-11-13
5087,13,11,2017,169,3,Pelagic,NA,NA,NA,NA,NA,NA,NA,NA,NA,2017-11-13
5054,13,11,2017,165,3,Pelagic,NA,NA,NA,NA,NA,NA,NA,NA,NA,2017-11-13
5070,13,11,2017,167,3,Pelagic,NA,NA,NA,NA,NA,NA,NA,NA,NA,2017-11-13
5037,13,11,2017,163,3,Pelagic,NA,NA,NA,NA,NA,NA,NA,NA,NA,2017-11-13
5020,13,11,2017,161,3,Pelagic,NA,NA,NA,NA,NA,NA,NA,NA,NA,2017-11-13
4996,13,11,2017,86,3,Pelagic,NA,NA,NA,NA,NA,NA,NA,NA,NA,2017-11-13
4979,13,11,2017,85,3,Pelagic,NA,NA,NA,NA,NA,NA,NA,NA,NA,2017-11-13
4962,13,11,2017,84,3,Pelagic,NA,NA,NA,NA,NA,NA,NA,NA,NA,2017-11-13
4728,9,11,2017,7,3,Pelagic,NA,NA,NA,NA,NA,NA,NA,NA,NA,2017-11-09
4745,9,11,2017,82,3,Pelagic,NA,NA,NA,NA,NA,NA,NA,NA,NA,2017-11-09
4777,9,11,2017,139,3,Pelagic,NA,NA,NA,NA,NA,NA,NA,NA,NA,2017-11-09
4761,9,11,2017,138,3,Pelagic,NA,NA,NA,NA,NA,NA,NA,NA,NA,2017-11-09
4795,9,11,2017,141,3,Pelagic,NA,NA,NA,NA,NA,NA,NA,NA,NA,2017-11-09
4813,9,11,2017,143,3,Pelagic,NA,NA,NA,NA,NA,NA,NA,NA,NA,2017-11-09
4831,9,11,2017,145,3,Pelagic,NA,NA,NA,NA,NA,NA,NA,NA,NA,2017-11-09
4849,9,11,2017,147,3,Pelagic,NA,NA,NA,NA,NA,NA,NA,NA,NA,2017-11-09
3061,9,11,2017,109,2,NA,NA,NA,NA,10.4,NA,NA,NA,NA,NA,2017-11-09
3682,8,11,2017,118,2,NA,NA,NA,NA,0.9,NA,NA,NA,NA,NA,2017-11-08
3768,7,11,2017,120,2,NA,NA,NA,NA,6.4,NA,NA,NA,NA,NA,2017-11-07
3060,7,11,2017,109,2,NA,NA,NA,NA,13.6,NA,NA,NA,NA,NA,2017-11-07
2769,7,11,2017,104,2,NA,NA,NA,NA,5.3,NA,NA,NA,NA,NA,2017-11-07
1048,7,11,2017,87,2,NA,NA,NA,NA,23.4,NA,NA,NA,NA,NA,2017-11-07
1355,7,11,2017,89,2,NA,NA,0.5,NA,4.9,NA,NA,NA,NA,NA,2017-11-07
776,7,11,2017,7,2,NA,NA,0.5,NA,23.2,NA,NA,NA,NA,NA,2017-11-07
4335,7,11,2017,128,2,NA,NA,0.5,NA,1,NA,NA,NA,NA,NA,2017-11-07
965,6,11,2017,84,2,NA,NA,0.5,NA,21.7,NA,NA,NA,NA,NA,2017-11-06
1473,6,11,2017,90,2,NA,NA,0.5,NA,5.4,NA,NA,NA,NA,NA,2017-11-06
2484,2,11,2017,101,2,NA,NA,0.5,NA,20.5,NA,NA,NA,NA,NA,2017-11-02
2217,2,11,2017,98,2,NA,NA,0.5,NA,20,NA,NA,NA,NA,NA,2017-11-02
1641,1,11,2017,92,2,NA,NA,NA,NA,6.5,NA,NA,NA,NA,NA,2017-11-01
1703,31,10,2017,93,2,NA,NA,NA,NA,10,NA,NA,NA,NA,NA,2017-10-31
3436,31,10,2017,114,2,NA,NA,NA,NA,0.7,NA,NA,NA,NA,NA,2017-10-31
5651,30,10,2017,99,3,Benthic,NA,NA,NA,NA,NA,NA,NA,NA,NA,2017-10-30
5473,30,10,2017,196,3,Benthic,NA,NA,NA,NA,NA,NA,NA,NA,NA,2017-10-30
5470,30,10,2017,95,3,Benthic,NA,NA,NA,NA,NA,NA,NA,NA,NA,2017-10-30
5654,30,10,2017,100,3,Benthic,NA,NA,NA,NA,NA,NA,NA,NA,NA,2017-10-30
6119,26,10,2017,110,3,Benthic,NA,NA,NA,NA,NA,NA,NA,NA,NA,2017-10-26
6116,26,10,2017,109,3,Benthic,NA,NA,NA,NA,NA,NA,NA,NA,NA,2017-10-26
2216,25,10,2017,98,2,NA,NA,0.5,NA,23,NA,NA,NA,NA,NA,2017-10-25
2483,25,10,2017,101,2,NA,NA,0.5,NA,23.8,NA,NA,NA,NA,NA,2017-10-25
2768,24,10,2017,104,2,NA,NA,NA,NA,7.9,NA,NA,NA,NA,NA,2017-10-24
3681,24,10,2017,118,2,NA,NA,NA,NA,4.1,NA,NA,NA,NA,NA,2017-10-24
4618,24,10,2017,95,2,NA,NA,NA,NA,12.8,NA,NA,NA,NA,NA,2017-10-24
4711,24,10,2017,137,3,Benthic,NA,NA,NA,NA,NA,NA,NA,NA,NA,2017-10-24
4708,24,10,2017,81,3,Benthic,NA,NA,NA,NA,NA,NA,NA,NA,NA,2017-10-24
4609,23,10,2017,90,2,NA,NA,0.5,NA,11.9,NA,NA,NA,NA,NA,2017-10-23
2326,23,10,2017,99,2,NA,NA,NA,NA,18.2,NA,NA,NA,NA,NA,2017-10-23
2325,19,10,2017,99,2,NA,NA,NA,NA,15.2,NA,NA,NA,NA,NA,2017-10-19
2630,19,10,2017,102,2,NA,NA,0.5,NA,7.2,NA,NA,NA,NA,NA,2017-10-19
4867,18,10,2017,83,3,Pelagic,NA,NA,NA,NA,NA,NA,NA,NA,NA,2017-10-18
4882,18,10,2017,149,3,Pelagic,NA,NA,NA,NA,NA,NA,NA,NA,NA,2017-10-18
6101,18,10,2017,108,3,Benthic,NA,NA,NA,NA,NA,NA,NA,NA,NA,2017-10-18
6098,18,10,2017,106,3,Benthic,NA,NA,NA,NA,NA,NA,NA,NA,NA,2017-10-18
5497,17,10,2017,197,3,Benthic,NA,NA,NA,NA,NA,NA,NA,NA,NA,2017-10-17
5494,17,10,2017,96,3,Benthic,NA,NA,NA,NA,NA,NA,NA,NA,NA,2017-10-17
4464,17,10,2017,133,2,NA,NA,NA,NA,0.2,NA,NA,NA,NA,NA,2017-10-17
2692,17,10,2017,103,2,NA,NA,0.5,NA,6.6,NA,NA,NA,NA,NA,2017-10-17
3915,17,10,2017,122,2,NA,NA,NA,NA,6,NA,NA,NA,NA,NA,2017-10-17
849,17,10,2017,83,2,NA,NA,0.5,NA,24.3,NA,NA,NA,NA,NA,2017-10-17
1429,16,10,2017,89,2,NA,NA,13.55,NA,5.6,NA,NA,NA,NA,NA,2017-10-16
1383,16,10,2017,89,2,NA,NA,0.5,NA,12.6,NA,NA,NA,NA,NA,2017-10-16
4674,12,10,2017,79,3,Benthic,NA,NA,NA,NA,NA,NA,NA,NA,NA,2017-10-12
4677,12,10,2017,135,3,Benthic,NA,NA,NA,NA,NA,NA,NA,NA,NA,2017-10-12
5452,12,10,2017,94,3,Benthic,NA,NA,NA,NA,NA,NA,NA,NA,NA,2017-10-12
6081,12,10,2017,105,3,Benthic,NA,NA,NA,NA,NA,NA,NA,NA,NA,2017-10-12
6078,12,10,2017,104,3,Benthic,NA,NA,NA,NA,NA,NA,NA,NA,NA,2017-10-12
3273,12,10,2017,113,2,NA,NA,NA,NA,1.4,NA,NA,NA,NA,NA,2017-10-12
2767,12,10,2017,104,2,NA,NA,NA,NA,10.9,NA,NA,NA,NA,NA,2017-10-12
2921,11,10,2017,106,2,NA,NA,NA,NA,16.4,NA,NA,NA,NA,NA,2017-10-11
1997,11,10,2017,96,2,NA,NA,NA,NA,17.6,NA,NA,NA,NA,NA,2017-10-11
5434,11,10,2017,92,3,Benthic,NA,NA,NA,NA,NA,NA,NA,NA,NA,2017-10-11
4602,11,10,2017,80,2,NA,NA,NA,NA,17.8,NA,NA,NA,NA,NA,2017-10-11
4330,10,10,2017,127,2,NA,NA,NA,NA,0,NA,NA,NA,NA,NA,2017-10-10
775,10,10,2017,7,2,NA,NA,0.5,NA,28.8,NA,NA,NA,NA,NA,2017-10-10
613,10,10,2017,81,2,NA,NA,NA,NA,19,NA,NA,NA,NA,NA,2017-10-10
2920,10,10,2017,106,2,NA,NA,NA,NA,18.5,NA,NA,NA,NA,NA,2017-10-10
3435,10,10,2017,114,2,NA,NA,NA,NA,0.1,NA,NA,NA,NA,NA,2017-10-10
2324,9,10,2017,99,2,NA,NA,NA,NA,21.8,NA,NA,NA,NA,NA,2017-10-09
2323,3,10,2017,99,2,NA,NA,NA,NA,20.5,NA,NA,NA,NA,NA,2017-10-03
3059,3,10,2017,109,2,NA,NA,NA,NA,22,NA,NA,NA,NA,NA,2017-10-03
3680,3,10,2017,118,2,NA,NA,NA,NA,4.7,NA,NA,NA,NA,NA,2017-10-03
3653,3,10,2017,117,2,NA,NA,NA,NA,19.7,NA,NA,NA,NA,NA,2017-10-03
612,3,10,2017,81,2,NA,NA,NA,NA,12.9,NA,NA,NA,NA,NA,2017-10-03
964,3,10,2017,84,2,NA,NA,0.5,NA,25.5,NA,NA,NA,NA,NA,2017-10-03
1382,3,10,2017,89,2,NA,NA,0.5,NA,16.8,NA,NA,NA,NA,NA,2017-10-03
1842,2,10,2017,95,2,NA,NA,NA,NA,14.4,NA,NA,NA,NA,NA,2017-10-02
438,27,9,2017,80,2,NA,NA,NA,NA,16.6,NA,NA,NA,NA,NA,2017-09-27
1841,26,9,2017,95,2,NA,NA,NA,NA,17.7,NA,NA,NA,NA,NA,2017-09-26
3058,26,9,2017,109,2,NA,NA,NA,NA,23,NA,NA,NA,NA,NA,2017-09-26
6229,26,9,2017,246,3,Benthic,NA,NA,NA,NA,NA,NA,NA,NA,NA,2017-09-26
6227,26,9,2017,122,3,Benthic,NA,NA,NA,NA,NA,NA,NA,NA,NA,2017-09-26
4463,25,9,2017,133,2,NA,NA,NA,NA,2.5,NA,NA,NA,NA,NA,2017-09-25
4462,19,9,2017,133,2,NA,NA,NA,NA,NA,NA,NA,NA,NA,NA,2017-09-19
3914,19,9,2017,122,2,NA,NA,NA,NA,9,NA,NA,NA,NA,NA,2017-09-19
611,19,9,2017,81,2,NA,NA,NA,NA,18.3,NA,NA,NA,NA,NA,2017-09-19
1996,18,9,2017,96,2,NA,NA,NA,NA,16.4,NA,NA,NA,NA,NA,2017-09-18
1209,18,9,2017,88,2,NA,NA,NA,NA,22.1,NA,NA,NA,NA,NA,2017-09-18
3057,18,9,2017,109,2,NA,NA,NA,NA,25.4,NA,NA,NA,NA,NA,2017-09-18
6165,18,9,2017,114,3,Benthic,NA,NA,NA,NA,NA,NA,NA,NA,NA,2017-09-18
5940,18,9,2017,103,3,Littoral,NA,NA,NA,NA,NA,NA,NA,NA,NA,2017-09-18
5959,18,9,2017,232,3,Littoral,NA,NA,NA,NA,NA,NA,NA,NA,NA,2017-09-18
5978,18,9,2017,233,3,Littoral,NA,NA,NA,NA,NA,NA,NA,NA,NA,2017-09-18
6168,18,9,2017,245,3,Benthic,NA,NA,NA,NA,NA,NA,NA,NA,NA,2017-09-18
5275,14,9,2017,183,3,Littoral,NA,NA,NA,NA,NA,NA,NA,NA,NA,2017-09-14
5237,14,9,2017,179,3,Littoral,NA,NA,NA,NA,NA,NA,NA,NA,NA,2017-09-14
5256,14,9,2017,181,3,Littoral,NA,NA,NA,NA,NA,NA,NA,NA,NA,2017-09-14
5219,14,9,2017,177,3,Littoral,NA,NA,NA,NA,NA,NA,NA,NA,NA,2017-09-14
5201,14,9,2017,175,3,Littoral,NA,NA,NA,NA,NA,NA,NA,NA,NA,2017-09-14
5180,14,9,2017,173,3,Littoral,NA,NA,NA,NA,NA,NA,NA,NA,NA,2017-09-14
5144,14,9,2017,89,3,Pelagic,NA,NA,NA,NA,NA,NA,NA,NA,NA,2017-09-14
5162,14,9,2017,172,3,Littoral,NA,NA,NA,NA,NA,NA,NA,NA,NA,2017-09-14
2482,14,9,2017,101,2,NA,NA,0.5,NA,27,NA,NA,NA,NA,NA,2017-09-14
1208,14,9,2017,88,2,NA,NA,NA,NA,21.5,NA,NA,NA,NA,NA,2017-09-14
848,14,9,2017,83,2,NA,NA,0.5,NA,23.2,NA,NA,NA,NA,NA,2017-09-14
437,13,9,2017,80,2,NA,NA,NA,NA,16.2,NA,NA,NA,NA,NA,2017-09-13
2322,13,9,2017,99,2,NA,NA,NA,NA,17.1,NA,NA,NA,NA,NA,2017-09-13
2919,12,9,2017,106,2,NA,NA,NA,NA,19.8,NA,NA,NA,NA,NA,2017-09-12
274,12,9,2017,79,2,NA,NA,NA,NA,12.8,NA,NA,NA,NA,NA,2017-09-12
1047,12,9,2017,87,2,NA,NA,NA,NA,23.5,NA,NA,NA,NA,NA,2017-09-12
4212,12,9,2017,125,2,NA,NA,NA,NA,2.8,NA,NA,NA,NA,NA,2017-09-12
5806,11,9,2017,102,3,Pelagic,NA,NA,NA,NA,NA,NA,NA,NA,NA,2017-09-11
5824,11,9,2017,218,3,Littoral,NA,NA,NA,NA,NA,NA,NA,NA,NA,2017-09-11
5841,11,9,2017,219,3,Littoral,NA,NA,NA,NA,NA,NA,NA,NA,NA,2017-09-11
1702,11,9,2017,93,2,NA,NA,NA,NA,17.3,NA,NA,NA,NA,NA,2017-09-11
3272,11,9,2017,113,2,NA,NA,NA,NA,7.8,NA,NA,NA,NA,NA,2017-09-11
6147,7,9,2017,244,3,Benthic,NA,NA,NA,NA,NA,NA,NA,NA,NA,2017-09-07
6145,7,9,2017,113,3,Benthic,NA,NA,NA,NA,NA,NA,NA,NA,NA,2017-09-07
3434,7,9,2017,114,2,NA,NA,NA,NA,5.4,NA,NA,NA,NA,NA,2017-09-07
2629,6,9,2017,102,2,NA,NA,0.5,NA,16.9,NA,NA,NA,NA,NA,2017-09-06
1995,6,9,2017,96,2,NA,NA,NA,NA,16,NA,NA,NA,NA,NA,2017-09-06
273,6,9,2017,79,2,NA,NA,NA,NA,17.4,NA,NA,NA,NA,NA,2017-09-06
5289,6,9,2017,90,3,Littoral,NA,NA,NA,NA,NA,NA,NA,NA,NA,2017-09-06
5306,6,9,2017,184,3,Littoral,NA,NA,NA,NA,NA,NA,NA,NA,NA,2017-09-06
5324,6,9,2017,185,3,Littoral,NA,NA,NA,NA,NA,NA,NA,NA,NA,2017-09-06
5377,6,9,2017,190,3,Littoral,NA,NA,NA,NA,NA,NA,NA,NA,NA,2017-09-06
5395,6,9,2017,192,3,Littoral,NA,NA,NA,NA,NA,NA,NA,NA,NA,2017-09-06
5359,6,9,2017,188,3,Littoral,NA,NA,NA,NA,NA,NA,NA,NA,NA,2017-09-06
5341,6,9,2017,186,3,Littoral,NA,NA,NA,NA,NA,NA,NA,NA,NA,2017-09-06
5413,6,9,2017,194,3,Littoral,NA,NA,NA,NA,NA,NA,NA,NA,NA,2017-09-06
4334,6,9,2017,128,2,NA,NA,0.5,NA,7.9,NA,NA,NA,NA,NA,2017-09-06
4461,6,9,2017,133,2,NA,NA,NA,NA,3.5,NA,NA,NA,NA,NA,2017-09-06
4411,6,9,2017,130,2,NA,NA,0.5,NA,7.4,NA,NA,NA,NA,NA,2017-09-06
6285,6,9,2017,128,3,Pelagic,NA,NA,NA,NA,NA,NA,NA,NA,NA,2017-09-06
6306,6,9,2017,130,3,Pelagic,NA,NA,NA,NA,NA,NA,NA,NA,NA,2017-09-06
6326,6,9,2017,131,3,Pelagic,NA,NA,NA,NA,NA,NA,NA,NA,NA,2017-09-06
6353,6,9,2017,250,3,Littoral,NA,NA,NA,NA,NA,NA,NA,NA,NA,2017-09-06
6374,6,9,2017,252,3,Littoral,NA,NA,NA,NA,NA,NA,NA,NA,NA,2017-09-06
6415,6,9,2017,256,3,Littoral,NA,NA,NA,NA,NA,NA,NA,NA,NA,2017-09-06
6395,6,9,2017,254,3,Littoral,NA,NA,NA,NA,NA,NA,NA,NA,NA,2017-09-06
6436,6,9,2017,258,3,Littoral,NA,NA,NA,NA,NA,NA,NA,NA,NA,2017-09-06
4211,5,9,2017,125,2,NA,NA,NA,NA,2.7,NA,NA,NA,NA,NA,2017-09-05
774,5,9,2017,7,2,NA,NA,0.5,NA,30.5,NA,NA,NA,NA,NA,2017-09-05
2691,5,9,2017,103,2,NA,NA,0.5,NA,16.9,NA,NA,NA,NA,NA,2017-09-05
2766,5,9,2017,104,2,NA,NA,NA,NA,15.8,NA,NA,NA,NA,NA,2017-09-05
3056,5,9,2017,109,2,NA,NA,NA,NA,27.2,NA,NA,NA,NA,NA,2017-09-05
2321,5,9,2017,99,2,NA,NA,NA,NA,21,NA,NA,NA,NA,NA,2017-09-05
3679,5,9,2017,118,2,NA,NA,NA,NA,12.5,NA,NA,NA,NA,NA,2017-09-05
963,4,9,2017,84,2,NA,NA,0.5,NA,28.5,NA,NA,NA,NA,NA,2017-09-04
4210,29,8,2017,125,2,NA,NA,NA,NA,2.6,NA,NA,NA,NA,NA,2017-08-29
1840,29,8,2017,95,2,NA,NA,NA,NA,17.9,NA,NA,NA,NA,NA,2017-08-29
1381,29,8,2017,89,2,NA,NA,0.5,NA,19.5,NA,NA,NA,NA,NA,2017-08-29
1428,29,8,2017,89,2,NA,NA,12,NA,5.5,NA,NA,NA,NA,NA,2017-08-29
1503,28,8,2017,90,2,NA,NA,0.5,NA,19.4,NA,NA,NA,NA,NA,2017-08-28
1046,28,8,2017,87,2,NA,NA,NA,NA,22.9,NA,NA,NA,NA,NA,2017-08-28
4460,23,8,2017,133,2,NA,NA,NA,NA,3.7,NA,NA,NA,NA,NA,2017-08-23
4209,22,8,2017,125,2,NA,NA,NA,NA,8.5,NA,NA,NA,NA,NA,2017-08-22
1207,22,8,2017,88,2,NA,NA,NA,NA,21.9,NA,NA,NA,NA,NA,2017-08-22
436,22,8,2017,80,2,NA,NA,NA,NA,18,NA,NA,NA,NA,NA,2017-08-22
3271,22,8,2017,113,2,NA,NA,NA,NA,6.8,NA,NA,NA,NA,NA,2017-08-22
2320,22,8,2017,99,2,NA,NA,NA,NA,23.6,NA,NA,NA,NA,NA,2017-08-22
610,21,8,2017,81,2,NA,NA,NA,NA,20.7,NA,NA,NA,NA,NA,2017-08-21
6453,21,8,2017,134,3,Benthic,NA,NA,NA,NA,NA,NA,NA,NA,NA,2017-08-21
6450,21,8,2017,133,3,Benthic,NA,NA,NA,NA,NA,NA,NA,NA,NA,2017-08-21
847,16,8,2017,83,2,NA,NA,NA,NA,NA,NA,NA,NA,NA,NA,2017-08-16
2918,16,8,2017,106,2,NA,NA,NA,NA,22.7,NA,NA,NA,NA,NA,2017-08-16
2765,16,8,2017,104,2,NA,NA,NA,NA,19,NA,NA,NA,NA,NA,2017-08-16
2917,15,8,2017,106,2,NA,NA,NA,NA,22.5,NA,NA,NA,NA,NA,2017-08-15
2481,15,8,2017,101,2,NA,NA,NA,NA,31.5,NA,NA,NA,NA,NA,2017-08-15
2215,15,8,2017,98,2,NA,NA,NA,NA,29.4,NA,NA,NA,NA,NA,2017-08-15
3913,15,8,2017,122,2,NA,NA,NA,NA,11.5,NA,NA,NA,NA,NA,2017-08-15
1701,15,8,2017,93,2,NA,NA,NA,NA,20.2,NA,NA,NA,NA,NA,2017-08-15
4208,15,8,2017,125,2,NA,NA,NA,NA,5.6,NA,NA,NA,NA,NA,2017-08-15
4459,15,8,2017,133,2,NA,NA,NA,NA,4.4,NA,NA,NA,NA,NA,2017-08-15
1839,14,8,2017,95,2,NA,NA,NA,NA,18,NA,NA,NA,NA,NA,2017-08-14
3433,10,8,2017,114,2,NA,NA,NA,NA,5.9,NA,NA,NA,NA,NA,2017-08-10
2319,10,8,2017,99,2,NA,NA,NA,NA,23.7,NA,NA,NA,NA,NA,2017-08-10
1569,9,8,2017,91,2,NA,NA,NA,NA,16.9,NA,NA,NA,NA,NA,2017-08-09
435,9,8,2017,80,2,NA,NA,NA,NA,15.3,NA,NA,NA,NA,NA,2017-08-09
4207,8,8,2017,125,2,NA,NA,NA,NA,12.2,NA,NA,NA,NA,NA,2017-08-08
272,8,8,2017,79,2,NA,NA,NA,NA,17,NA,NA,NA,NA,NA,2017-08-08
846,8,8,2017,83,2,NA,NA,0.5,NA,NA,NA,NA,NA,NA,NA,2017-08-08
609,8,8,2017,81,2,NA,NA,NA,NA,18.8,NA,NA,NA,NA,NA,2017-08-08
1700,8,8,2017,93,2,NA,NA,NA,NA,19.1,NA,NA,NA,NA,NA,2017-08-08
3270,8,8,2017,113,2,NA,NA,NA,NA,6.9,NA,NA,NA,NA,NA,2017-08-08
4458,7,8,2017,133,2,NA,NA,NA,NA,5.7,NA,NA,NA,NA,NA,2017-08-07
6267,7,8,2017,127,3,Benthic,NA,NA,NA,NA,NA,NA,NA,NA,NA,2017-08-07
6264,7,8,2017,125,3,Benthic,NA,NA,NA,NA,NA,NA,NA,NA,NA,2017-08-07
4631,2,8,2017,101,2,NA,NA,NA,NA,31.5,NA,NA,NA,NA,NA,2017-08-02
3269,2,8,2017,113,2,NA,NA,NA,NA,7.1,NA,NA,NA,NA,NA,2017-08-02
773,2,8,2017,7,2,NA,NA,0.5,NA,30.3,NA,NA,NA,NA,NA,2017-08-02
962,1,8,2017,84,2,NA,NA,0.5,NA,28.3,NA,NA,NA,NA,NA,2017-08-01
1568,1,8,2017,91,2,NA,NA,NA,NA,16.4,NA,NA,NA,NA,NA,2017-08-01
1838,1,8,2017,95,2,NA,NA,NA,NA,18.1,NA,NA,NA,NA,NA,2017-08-01
1427,1,8,2017,89,2,NA,NA,12,NA,25.1,NA,NA,NA,NA,NA,2017-08-01
1380,1,8,2017,89,2,NA,NA,0.5,NA,25.5,NA,NA,NA,NA,NA,2017-08-01
3579,1,8,2017,115,2,NA,NA,NA,NA,22.7,NA,NA,NA,NA,NA,2017-08-01
3678,1,8,2017,118,2,NA,NA,NA,NA,14,NA,NA,NA,NA,NA,2017-08-01
2214,1,8,2017,98,2,NA,NA,NA,NA,31.8,NA,NA,NA,NA,NA,2017-08-01
3055,1,8,2017,109,2,NA,NA,NA,NA,24.7,NA,NA,NA,NA,NA,2017-08-01
2764,1,8,2017,104,2,NA,NA,NA,NA,18.8,NA,NA,NA,NA,NA,2017-08-01
4410,1,8,2017,130,2,NA,NA,0.5,NA,13.3,NA,NA,NA,NA,NA,2017-08-01
4428,1,8,2017,131,2,NA,NA,0.5,NA,11.7,NA,NA,NA,NA,NA,2017-08-01
4375,1,8,2017,128,2,NA,NA,0.5,NA,13.7,NA,NA,NA,NA,NA,2017-08-01
4394,1,8,2017,128,2,NA,NA,13,NA,8.5,NA,NA,NA,NA,NA,2017-08-01
4206,1,8,2017,125,2,NA,NA,NA,NA,9.9,NA,NA,NA,NA,NA,2017-08-01
6146,1,8,2017,244,3,Benthic,NA,NA,NA,NA,NA,NA,NA,NA,NA,2017-08-01
6144,1,8,2017,113,3,Benthic,NA,NA,NA,NA,NA,NA,NA,NA,NA,2017-08-01
6228,1,8,2017,246,3,Benthic,NA,NA,NA,NA,NA,NA,NA,NA,NA,2017-08-01
6226,1,8,2017,122,3,Benthic,NA,NA,NA,NA,NA,NA,NA,NA,NA,2017-08-01
2916,31,7,2017,106,2,NA,NA,NA,NA,22,NA,NA,NA,NA,NA,2017-07-31
3432,31,7,2017,114,2,NA,NA,NA,NA,6.5,NA,NA,NA,NA,NA,2017-07-31
1502,31,7,2017,90,2,NA,NA,0.5,NA,24.9,NA,NA,NA,NA,NA,2017-07-31
246,28,7,2017,78,1,Littoral,NA,NA,NA,NA,NA,NA,NA,NA,NA,2017-07-28
6284,26,7,2017,128,3,Littoral,NA,NA,NA,NA,NA,NA,NA,NA,NA,2017-07-26
6407,26,7,2017,255,3,Littoral,NA,NA,NA,NA,NA,NA,NA,NA,NA,2017-07-26
6365,26,7,2017,251,3,Littoral,NA,NA,NA,NA,NA,NA,NA,NA,NA,2017-07-26
6386,26,7,2017,253,3,Littoral,NA,NA,NA,NA,NA,NA,NA,NA,NA,2017-07-26
6345,26,7,2017,249,3,Littoral,NA,NA,NA,NA,NA,NA,NA,NA,NA,2017-07-26
6305,26,7,2017,130,3,Littoral,NA,NA,NA,NA,NA,NA,NA,NA,NA,2017-07-26
6427,26,7,2017,257,3,Littoral,NA,NA,NA,NA,NA,NA,NA,NA,NA,2017-07-26
5784,26,7,2017,216,3,Littoral,NA,NA,NA,NA,NA,NA,NA,NA,NA,2017-07-26
5688,26,7,2017,22,3,Littoral,NA,NA,NA,NA,NA,NA,NA,NA,NA,2017-07-26
5705,26,7,2017,208,3,Littoral,NA,NA,NA,NA,NA,NA,NA,NA,NA,2017-07-26
5725,26,7,2017,210,3,Littoral,NA,NA,NA,NA,NA,NA,NA,NA,NA,2017-07-26
5745,26,7,2017,212,3,Littoral,NA,NA,NA,NA,NA,NA,NA,NA,NA,2017-07-26
5765,26,7,2017,214,3,Littoral,NA,NA,NA,NA,NA,NA,NA,NA,NA,2017-07-26
5469,26,7,2017,95,3,Benthic,NA,NA,NA,NA,NA,NA,NA,NA,NA,2017-07-26
5472,26,7,2017,196,3,Benthic,NA,NA,NA,NA,NA,NA,NA,NA,NA,2017-07-26
4205,25,7,2017,125,2,NA,NA,NA,NA,9.4,NA,NA,NA,NA,NA,2017-07-25
271,25,7,2017,79,2,NA,NA,NA,NA,15.6,NA,NA,NA,NA,NA,2017-07-25
434,25,7,2017,80,2,NA,NA,NA,NA,17.5,NA,NA,NA,NA,NA,2017-07-25
3578,25,7,2017,115,2,NA,NA,NA,NA,23,NA,NA,NA,NA,NA,2017-07-25
3268,25,7,2017,113,2,NA,NA,NA,NA,8.9,NA,NA,NA,NA,NA,2017-07-25
2915,25,7,2017,106,2,NA,NA,NA,NA,22.6,NA,NA,NA,NA,NA,2017-07-25
608,24,7,2017,81,2,NA,NA,NA,NA,21,NA,NA,NA,NA,NA,2017-07-24
1206,24,7,2017,88,2,NA,NA,NA,NA,22.5,NA,NA,NA,NA,NA,2017-07-24
1994,24,7,2017,96,2,NA,NA,NA,NA,17.7,NA,NA,NA,NA,NA,2017-07-24
4457,24,7,2017,133,2,NA,NA,NA,NA,5.5,NA,NA,NA,NA,NA,2017-07-24
6097,24,7,2017,106,3,Benthic,NA,NA,NA,NA,NA,NA,NA,NA,NA,2017-07-24
6100,24,7,2017,108,3,Benthic,NA,NA,NA,NA,NA,NA,NA,NA,NA,2017-07-24
6167,20,7,2017,245,3,Benthic,NA,NA,NA,NA,NA,NA,NA,NA,NA,2017-07-20
6164,20,7,2017,114,3,Benthic,NA,NA,NA,NA,NA,NA,NA,NA,NA,2017-07-20
1045,20,7,2017,87,2,NA,NA,NA,NA,24.2,NA,NA,NA,NA,NA,2017-07-20
62,20,7,2017,21,1,Benthic,NA,NA,NA,NA,NA,NA,NA,NA,NA,2017-07-20
1205,19,7,2017,88,2,NA,NA,NA,NA,22.2,NA,NA,NA,NA,NA,2017-07-19
2763,19,7,2017,104,2,NA,NA,NA,NA,19.2,NA,NA,NA,NA,NA,2017-07-19
2213,19,7,2017,98,2,NA,NA,NA,NA,30.4,NA,NA,NA,NA,NA,2017-07-19
5412,19,7,2017,194,3,Littoral,NA,NA,NA,NA,NA,NA,NA,NA,NA,2017-07-19
5450,19,7,2017,93,3,Benthic,NA,NA,NA,NA,NA,NA,NA,NA,NA,2017-07-19
5451,19,7,2017,94,3,Benthic,NA,NA,NA,NA,NA,NA,NA,NA,NA,2017-07-19
5340,19,7,2017,186,3,Littoral,NA,NA,NA,NA,NA,NA,NA,NA,NA,2017-07-19
5358,19,7,2017,188,3,Littoral,NA,NA,NA,NA,NA,NA,NA,NA,NA,2017-07-19
5394,19,7,2017,192,3,Littoral,NA,NA,NA,NA,NA,NA,NA,NA,NA,2017-07-19
5376,19,7,2017,190,3,Littoral,NA,NA,NA,NA,NA,NA,NA,NA,NA,2017-07-19
5323,19,7,2017,185,3,Pelagic,NA,NA,NA,NA,NA,NA,NA,NA,NA,2017-07-19
5305,19,7,2017,184,3,Pelagic,NA,NA,NA,NA,NA,NA,NA,NA,NA,2017-07-19
5287,19,7,2017,90,3,Pelagic,NA,NA,NA,NA,NA,NA,NA,NA,NA,2017-07-19
4456,19,7,2017,133,2,NA,NA,NA,NA,7.4,NA,NA,NA,NA,NA,2017-07-19
4673,19,7,2017,79,3,Benthic,NA,NA,NA,NA,NA,NA,NA,NA,NA,2017-07-19
4676,19,7,2017,135,3,Benthic,NA,NA,NA,NA,NA,NA,NA,NA,NA,2017-07-19
4881,19,7,2017,149,3,Pelagic,NA,NA,NA,NA,NA,NA,NA,NA,NA,2017-07-19
4866,19,7,2017,83,3,Pelagic,NA,NA,NA,NA,NA,NA,NA,NA,NA,2017-07-19
6266,19,7,2017,127,3,Benthic,NA,NA,NA,NA,NA,NA,NA,NA,NA,2017-07-19
6198,18,7,2017,119,3,Benthic,NA,NA,NA,NA,NA,NA,NA,NA,NA,2017-07-18
6196,18,7,2017,118,3,Benthic,NA,NA,NA,NA,NA,NA,NA,NA,NA,2017-07-18
4707,18,7,2017,81,3,Benthic,NA,NA,NA,NA,NA,NA,NA,NA,NA,2017-07-18
4710,18,7,2017,137,3,Benthic,NA,NA,NA,NA,NA,NA,NA,NA,NA,2017-07-18
4204,18,7,2017,125,2,NA,NA,NA,NA,15.1,NA,NA,NA,NA,NA,2017-07-18
5650,18,7,2017,99,3,Benthic,NA,NA,NA,NA,NA,NA,NA,NA,NA,2017-07-18
5653,18,7,2017,100,3,Benthic,NA,NA,NA,NA,NA,NA,NA,NA,NA,2017-07-18
6077,18,7,2017,104,3,Benthic,NA,NA,NA,NA,NA,NA,NA,NA,NA,2017-07-18
6080,18,7,2017,105,3,Benthic,NA,NA,NA,NA,NA,NA,NA,NA,NA,2017-07-18
1699,18,7,2017,93,2,NA,NA,NA,NA,21,NA,NA,NA,NA,NA,2017-07-18
1567,17,7,2017,91,2,NA,NA,NA,NA,17,NA,NA,NA,NA,NA,2017-07-17
1837,17,7,2017,95,2,NA,NA,NA,NA,19.2,NA,NA,NA,NA,NA,2017-07-17
3267,17,7,2017,113,2,NA,NA,NA,NA,8.9,NA,NA,NA,NA,NA,2017-07-17
5977,17,7,2017,233,3,Littoral,NA,NA,NA,NA,NA,NA,NA,NA,NA,2017-07-17
5958,17,7,2017,232,3,Littoral,NA,NA,NA,NA,NA,NA,NA,NA,NA,2017-07-17
5939,17,7,2017,103,3,Pelagic,NA,NA,NA,NA,NA,NA,NA,NA,NA,2017-07-17
5433,13,7,2017,92,3,Benthic,NA,NA,NA,NA,NA,NA,NA,NA,NA,2017-07-13
5431,13,7,2017,91,3,Benthic,NA,NA,NA,NA,NA,NA,NA,NA,NA,2017-07-13
3431,13,7,2017,114,2,NA,NA,NA,NA,5.7,NA,NA,NA,NA,NA,2017-07-13
2318,13,7,2017,99,2,NA,NA,NA,NA,23.1,NA,NA,NA,NA,NA,2017-07-13
181,13,7,2017,49,1,Benthic,NA,NA,NA,NA,NA,NA,NA,NA,NA,2017-07-13
1698,12,7,2017,93,2,NA,NA,NA,NA,22.7,NA,NA,NA,NA,NA,2017-07-12
5642,12,7,2017,207,3,Littoral,NA,NA,NA,NA,NA,NA,NA,NA,NA,2017-07-12
5622,12,7,2017,205,3,Littoral,NA,NA,NA,NA,NA,NA,NA,NA,NA,2017-07-12
5603,12,7,2017,203,3,Littoral,NA,NA,NA,NA,NA,NA,NA,NA,NA,2017-07-12
5563,12,7,2017,199,3,Littoral,NA,NA,NA,NA,NA,NA,NA,NA,NA,2017-07-12
5583,12,7,2017,201,3,Littoral,NA,NA,NA,NA,NA,NA,NA,NA,NA,2017-07-12
4744,12,7,2017,82,3,Littoral,NA,NA,NA,NA,NA,NA,NA,NA,NA,2017-07-12
4727,12,7,2017,7,3,Littoral,NA,NA,NA,NA,NA,NA,NA,NA,NA,2017-07-12
4848,12,7,2017,147,3,Littoral,NA,NA,NA,NA,NA,NA,NA,NA,NA,2017-07-12
4830,12,7,2017,145,3,Littoral,NA,NA,NA,NA,NA,NA,NA,NA,NA,2017-07-12
4812,12,7,2017,143,3,Littoral,NA,NA,NA,NA,NA,NA,NA,NA,NA,2017-07-12
4794,12,7,2017,141,3,Littoral,NA,NA,NA,NA,NA,NA,NA,NA,NA,2017-07-12
4760,12,7,2017,138,3,Littoral,NA,NA,NA,NA,NA,NA,NA,NA,NA,2017-07-12
4776,12,7,2017,139,3,Littoral,NA,NA,NA,NA,NA,NA,NA,NA,NA,2017-07-12
4691,11,7,2017,136,3,Benthic,NA,NA,NA,NA,NA,NA,NA,NA,NA,2017-07-11
4689,11,7,2017,80,3,Benthic,NA,NA,NA,NA,NA,NA,NA,NA,NA,2017-07-11
5493,11,7,2017,96,3,Benthic,NA,NA,NA,NA,NA,NA,NA,NA,NA,2017-07-11
5496,11,7,2017,197,3,Benthic,NA,NA,NA,NA,NA,NA,NA,NA,NA,2017-07-11
6449,11,7,2017,133,3,Benthic,NA,NA,NA,NA,NA,NA,NA,NA,NA,2017-07-11
6452,11,7,2017,134,3,Benthic,NA,NA,NA,NA,NA,NA,NA,NA,NA,2017-07-11
6184,11,7,2017,115,3,Benthic,NA,NA,NA,NA,NA,NA,NA,NA,NA,2017-07-11
6185,11,7,2017,117,3,Benthic,NA,NA,NA,NA,NA,NA,NA,NA,NA,2017-07-11
1044,11,7,2017,87,2,NA,NA,NA,NA,23.8,NA,NA,NA,NA,NA,2017-07-11
1426,11,7,2017,89,2,NA,NA,11.05,NA,5.5,NA,NA,NA,NA,NA,2017-07-11
1379,11,7,2017,89,2,NA,NA,0.5,NA,23.7,NA,NA,NA,NA,NA,2017-07-11
152,11,7,2017,34,1,Benthic,NA,NA,NA,NA,NA,NA,NA,NA,NA,2017-07-11
5,11,7,2017,3,1,Benthic,NA,NA,NA,NA,NA,NA,NA,NA,NA,2017-07-11
109,11,7,2017,28,1,Benthic,NA,NA,NA,NA,NA,NA,NA,NA,NA,2017-07-11
100,11,7,2017,27,1,Benthic,NA,NA,NA,NA,NA,NA,NA,NA,NA,2017-07-11
72,11,7,2017,23,1,Littoral,NA,NA,NA,NA,NA,NA,NA,NA,NA,2017-07-11
845,11,7,2017,83,2,NA,NA,NA,NA,28.2,NA,NA,NA,NA,NA,2017-07-11
2212,11,7,2017,98,2,NA,NA,0.5,NA,27.6,NA,NA,NA,NA,NA,2017-07-11
3054,11,7,2017,109,2,NA,NA,NA,NA,27.8,NA,NA,NA,NA,NA,2017-07-11
3577,11,7,2017,115,2,NA,NA,NA,NA,22.4,NA,NA,NA,NA,NA,2017-07-11
3912,11,7,2017,122,2,NA,NA,NA,NA,9.7,NA,NA,NA,NA,NA,2017-07-11
3266,10,7,2017,113,2,NA,NA,NA,NA,8,NA,NA,NA,NA,NA,2017-07-10
53,10,7,2017,17,1,Benthic,NA,NA,NA,NA,NA,NA,NA,NA,NA,2017-07-10
47,10,7,2017,13,1,Benthic,NA,NA,NA,NA,NA,NA,NA,NA,NA,2017-07-10
270,10,7,2017,79,2,NA,NA,NA,NA,20.5,NA,NA,NA,NA,NA,2017-07-10
1501,10,7,2017,90,2,NA,NA,0.5,NA,22.8,NA,NA,NA,NA,NA,2017-07-10
5805,10,7,2017,102,3,Pelagic,NA,NA,NA,NA,NA,NA,NA,NA,NA,2017-07-10
4961,10,7,2017,84,3,Pelagic,NA,NA,NA,NA,NA,NA,NA,NA,NA,2017-07-10
4978,10,7,2017,85,3,Pelagic,NA,NA,NA,NA,NA,NA,NA,NA,NA,2017-07-10
4995,10,7,2017,86,3,Littoral,NA,NA,NA,NA,NA,NA,NA,NA,NA,2017-07-10
5019,10,7,2017,161,3,Littoral,NA,NA,NA,NA,NA,NA,NA,NA,NA,2017-07-10
5036,10,7,2017,163,3,Littoral,NA,NA,NA,NA,NA,NA,NA,NA,NA,2017-07-10
5053,10,7,2017,165,3,Littoral,NA,NA,NA,NA,NA,NA,NA,NA,NA,2017-07-10
5086,10,7,2017,169,3,Littoral,NA,NA,NA,NA,NA,NA,NA,NA,NA,2017-07-10
3265,6,7,2017,113,2,NA,NA,NA,NA,7.7,NA,NA,NA,NA,NA,2017-07-06
3053,6,7,2017,109,2,NA,NA,NA,NA,24.7,NA,NA,NA,NA,NA,2017-07-06
2628,6,7,2017,102,2,NA,NA,0.5,NA,23.5,NA,NA,NA,NA,NA,2017-07-06
2480,6,7,2017,101,2,NA,NA,NA,NA,27.2,NA,NA,NA,NA,NA,2017-07-06
2317,5,7,2017,99,2,NA,NA,NA,NA,22.8,NA,NA,NA,NA,NA,2017-07-05
2762,5,7,2017,104,2,NA,NA,NA,NA,25.9,NA,NA,NA,NA,NA,2017-07-05
1566,5,7,2017,91,2,NA,NA,NA,NA,16.4,NA,NA,NA,NA,NA,2017-07-05
1993,5,7,2017,96,2,NA,NA,NA,NA,17.5,NA,NA,NA,NA,NA,2017-07-05
4393,5,7,2017,128,2,NA,NA,12,NA,6.2,NA,NA,NA,NA,NA,2017-07-05
4374,5,7,2017,128,2,NA,NA,0.5,NA,14.2,NA,NA,NA,NA,NA,2017-07-05
4601,5,7,2017,80,2,NA,NA,NA,NA,17.8,NA,NA,NA,NA,NA,2017-07-05
6115,5,7,2017,109,3,Benthic,NA,NA,NA,NA,NA,NA,NA,NA,NA,2017-07-05
6118,5,7,2017,110,3,Benthic,NA,NA,NA,NA,NA,NA,NA,NA,NA,2017-07-05
5274,5,7,2017,183,3,Littoral,NA,NA,NA,NA,NA,NA,NA,NA,NA,2017-07-05
5161,5,7,2017,172,3,Littoral,NA,NA,NA,NA,NA,NA,NA,NA,NA,2017-07-05
5143,5,7,2017,89,3,Pelagic,NA,NA,NA,NA,NA,NA,NA,NA,NA,2017-07-05
5179,5,7,2017,173,3,Littoral,NA,NA,NA,NA,NA,NA,NA,NA,NA,2017-07-05
5200,5,7,2017,175,3,Littoral,NA,NA,NA,NA,NA,NA,NA,NA,NA,2017-07-05
5218,5,7,2017,177,3,Littoral,NA,NA,NA,NA,NA,NA,NA,NA,NA,2017-07-05
5236,5,7,2017,179,3,Littoral,NA,NA,NA,NA,NA,NA,NA,NA,NA,2017-07-05
5255,5,7,2017,181,3,Littoral,NA,NA,NA,NA,NA,NA,NA,NA,NA,2017-07-05
4427,4,7,2017,131,2,NA,NA,0.5,NA,12.5,NA,NA,NA,NA,NA,2017-07-04
4455,4,7,2017,133,2,NA,NA,NA,NA,3.1,NA,NA,NA,NA,NA,2017-07-04
4203,3,7,2017,125,2,NA,NA,NA,NA,NA,NA,NA,NA,NA,NA,2017-07-03
5100,29,6,2017,170,3,Benthic,NA,NA,NA,NA,NA,NA,NA,NA,NA,2017-06-29
5096,29,6,2017,87,3,Benthic,NA,NA,NA,NA,NA,NA,NA,NA,NA,2017-06-29
3264,29,6,2017,113,2,NA,NA,NA,NA,6.6,NA,NA,NA,NA,NA,2017-06-29
3430,29,6,2017,114,2,NA,NA,NA,NA,4.5,NA,NA,NA,NA,NA,2017-06-29
15,28,6,2017,7,1,Littoral,NA,NA,NA,NA,NA,NA,NA,NA,NA,2017-06-28
22,27,6,2017,8,1,Littoral,NA,NA,NA,NA,NA,NA,NA,NA,NA,2017-06-27
772,27,6,2017,7,2,NA,NA,0.5,NA,30.9,NA,NA,NA,NA,NA,2017-06-27
1697,27,6,2017,93,2,NA,NA,NA,NA,19.4,NA,NA,NA,NA,NA,2017-06-27
1204,27,6,2017,88,2,NA,NA,NA,NA,21.6,NA,NA,NA,NA,NA,2017-06-27
3263,27,6,2017,113,2,NA,NA,NA,NA,6.9,NA,NA,NA,NA,NA,2017-06-27
3677,27,6,2017,118,2,NA,NA,NA,NA,10.5,NA,NA,NA,NA,NA,2017-06-27
2914,27,6,2017,106,2,NA,NA,NA,NA,22.9,NA,NA,NA,NA,NA,2017-06-27
3429,26,6,2017,114,2,NA,NA,NA,NA,5.4,NA,NA,NA,NA,NA,2017-06-26
1565,26,6,2017,91,2,NA,NA,NA,NA,16.4,NA,NA,NA,NA,NA,2017-06-26
1836,26,6,2017,95,2,NA,NA,NA,NA,16,NA,NA,NA,NA,NA,2017-06-26
961,26,6,2017,84,2,NA,NA,0.5,NA,30.6,NA,NA,NA,NA,NA,2017-06-26
6435,25,6,2017,258,3,Littoral,NA,NA,NA,NA,NA,NA,NA,NA,NA,2017-06-25
6283,25,6,2017,128,3,Pelagic,NA,NA,NA,NA,NA,NA,NA,NA,NA,2017-06-25
6304,25,6,2017,130,3,Pelagic,NA,NA,NA,NA,NA,NA,NA,NA,NA,2017-06-25
6325,25,6,2017,131,3,Pelagic,NA,NA,NA,NA,NA,NA,NA,NA,NA,2017-06-25
6352,25,6,2017,250,3,Littoral,NA,NA,NA,NA,NA,NA,NA,NA,NA,2017-06-25
6373,25,6,2017,252,3,Littoral,NA,NA,NA,NA,NA,NA,NA,NA,NA,2017-06-25
6394,25,6,2017,254,3,Littoral,NA,NA,NA,NA,NA,NA,NA,NA,NA,2017-06-25
1043,22,6,2017,87,2,NA,NA,NA,NA,22.9,NA,NA,NA,NA,NA,2017-06-22
3428,22,6,2017,114,2,NA,NA,NA,NA,5,NA,NA,NA,NA,NA,2017-06-22
2479,21,6,2017,101,2,NA,NA,NA,NA,28,NA,NA,NA,NA,NA,2017-06-21
433,21,6,2017,80,2,NA,NA,NA,NA,16.5,NA,NA,NA,NA,NA,2017-06-21
4202,21,6,2017,125,2,NA,NA,NA,NA,10.5,NA,NA,NA,NA,NA,2017-06-21
4454,20,6,2017,133,2,NA,NA,NA,NA,3.9,NA,NA,NA,NA,NA,2017-06-20
5123,20,6,2017,171,3,Benthic,NA,NA,NA,NA,NA,NA,NA,NA,NA,2017-06-20
269,20,6,2017,79,2,NA,NA,NA,NA,18.4,NA,NA,NA,NA,NA,2017-06-20
844,20,6,2017,83,2,NA,NA,NA,NA,26.3,NA,NA,NA,NA,NA,2017-06-20
607,20,6,2017,81,2,NA,NA,NA,NA,18.8,NA,NA,NA,NA,NA,2017-06-20
1992,20,6,2017,96,2,NA,NA,NA,NA,16.6,NA,NA,NA,NA,NA,2017-06-20
1564,20,6,2017,91,2,NA,NA,NA,NA,16.3,NA,NA,NA,NA,NA,2017-06-20
3576,20,6,2017,115,2,NA,NA,NA,NA,22.6,NA,NA,NA,NA,NA,2017-06-20
3262,20,6,2017,113,2,NA,NA,NA,NA,5.8,NA,NA,NA,NA,NA,2017-06-20
3427,19,6,2017,114,2,NA,NA,NA,NA,4.3,NA,NA,NA,NA,NA,2017-06-19
2913,19,6,2017,106,2,NA,NA,NA,NA,21.7,NA,NA,NA,NA,NA,2017-06-19
1696,19,6,2017,93,2,NA,NA,NA,NA,18.1,NA,NA,NA,NA,NA,2017-06-19
3426,15,6,2017,114,2,NA,NA,NA,NA,2.6,NA,NA,NA,NA,NA,2017-06-15
3261,14,6,2017,113,2,NA,NA,NA,NA,3.2,NA,NA,NA,NA,NA,2017-06-14
432,14,6,2017,80,2,NA,NA,NA,NA,17,NA,NA,NA,NA,NA,2017-06-14
606,13,6,2017,81,2,NA,NA,NA,NA,18.4,NA,NA,NA,NA,NA,2017-06-13
1835,13,6,2017,95,2,NA,NA,NA,NA,17.2,NA,NA,NA,NA,NA,2017-06-13
1042,13,6,2017,87,2,NA,NA,NA,NA,22.9,NA,NA,NA,NA,NA,2017-06-13
3911,13,6,2017,122,2,NA,NA,NA,NA,5.3,NA,NA,NA,NA,NA,2017-06-13
2912,13,6,2017,106,2,NA,NA,NA,NA,24.9,NA,NA,NA,NA,NA,2017-06-13
2478,13,6,2017,101,2,NA,NA,NA,NA,27.4,NA,NA,NA,NA,NA,2017-06-13
2211,13,6,2017,98,2,NA,NA,NA,NA,29.2,NA,NA,NA,NA,NA,2017-06-13
4453,13,6,2017,133,2,NA,NA,NA,NA,2.7,NA,NA,NA,NA,NA,2017-06-13
4201,13,6,2017,125,2,NA,NA,NA,NA,7.6,NA,NA,NA,NA,NA,2017-06-13
3425,12,6,2017,114,2,NA,NA,NA,NA,3.8,NA,NA,NA,NA,NA,2017-06-12
1203,12,6,2017,88,2,NA,NA,NA,NA,21.4,NA,NA,NA,NA,NA,2017-06-12
245,9,6,2017,77,1,Benthic,NA,NA,NA,NA,NA,NA,NA,NA,NA,2017-06-09
243,9,6,2017,76,1,Benthic,NA,NA,NA,NA,NA,NA,NA,NA,NA,2017-06-09
771,8,6,2017,7,2,NA,NA,0.5,NA,27.6,NA,NA,NA,NA,NA,2017-06-08
3424,8,6,2017,114,2,NA,NA,NA,NA,2.5,NA,NA,NA,NA,NA,2017-06-08
3260,8,6,2017,113,2,NA,NA,NA,NA,2.7,NA,NA,NA,NA,NA,2017-06-08
3052,8,6,2017,109,2,NA,NA,NA,NA,23,NA,NA,NA,NA,NA,2017-06-08
2627,8,6,2017,102,2,NA,NA,0.5,NA,20.7,NA,NA,NA,NA,NA,2017-06-08
6265,7,6,2017,127,3,Benthic,NA,NA,NA,NA,NA,NA,NA,NA,NA,2017-06-07
6263,7,6,2017,125,3,Benthic,NA,NA,NA,NA,NA,NA,NA,NA,NA,2017-06-07
4452,6,6,2017,133,2,NA,NA,NA,NA,4.3,NA,NA,NA,NA,NA,2017-06-06
2690,6,6,2017,103,2,NA,NA,0.5,NA,21.1,NA,NA,NA,NA,NA,2017-06-06
3051,6,6,2017,109,2,NA,NA,NA,NA,24.4,NA,NA,NA,NA,NA,2017-06-06
2316,6,6,2017,99,2,NA,NA,NA,NA,21.5,NA,NA,NA,NA,NA,2017-06-06
3676,6,6,2017,118,2,NA,NA,NA,NA,9.7,NA,NA,NA,NA,NA,2017-06-06
960,6,6,2017,84,2,NA,NA,0.5,NA,27.5,NA,NA,NA,NA,NA,2017-06-06
1425,6,6,2017,89,2,NA,NA,10.25,NA,5.5,NA,NA,NA,NA,NA,2017-06-06
1378,6,6,2017,89,2,NA,NA,0.5,NA,20,NA,NA,NA,NA,NA,2017-06-06
1834,6,6,2017,95,2,NA,NA,NA,NA,16,NA,NA,NA,NA,NA,2017-06-06
1563,6,6,2017,91,2,NA,NA,NA,NA,16.8,NA,NA,NA,NA,NA,2017-06-06
1695,5,6,2017,93,2,NA,NA,NA,NA,18.6,NA,NA,NA,NA,NA,2017-06-05
1500,5,6,2017,90,2,NA,NA,0.5,NA,20.2,NA,NA,NA,NA,NA,2017-06-05
4451,31,5,2017,133,2,NA,NA,NA,NA,3.3,NA,NA,NA,NA,NA,2017-05-31
1694,31,5,2017,93,2,NA,NA,NA,NA,17.5,NA,NA,NA,NA,NA,2017-05-31
268,31,5,2017,79,2,NA,NA,NA,NA,11.9,NA,NA,NA,NA,NA,2017-05-31
2761,31,5,2017,104,2,NA,NA,NA,NA,21.7,NA,NA,NA,NA,NA,2017-05-31
3050,30,5,2017,109,2,NA,NA,NA,NA,21.8,NA,NA,NA,NA,NA,2017-05-30
3675,30,5,2017,118,2,NA,NA,NA,NA,NA,NA,NA,NA,NA,NA,2017-05-30
3423,30,5,2017,114,2,NA,NA,NA,NA,2.1,NA,NA,NA,NA,NA,2017-05-30
1562,30,5,2017,91,2,NA,NA,NA,NA,15.5,NA,NA,NA,NA,NA,2017-05-30
1991,30,5,2017,96,2,NA,NA,NA,NA,15.7,NA,NA,NA,NA,NA,2017-05-30
1202,30,5,2017,88,2,NA,NA,NA,NA,22.3,NA,NA,NA,NA,NA,2017-05-30
6166,30,5,2017,245,3,Benthic,NA,NA,NA,NA,NA,NA,NA,NA,NA,2017-05-30
6163,30,5,2017,114,3,Benthic,NA,NA,NA,NA,NA,NA,NA,NA,NA,2017-05-30
3259,25,5,2017,113,2,NA,NA,NA,NA,0.9,NA,NA,NA,NA,NA,2017-05-25
3049,25,5,2017,109,2,NA,NA,NA,NA,17.3,NA,NA,NA,NA,NA,2017-05-25
1561,24,5,2017,91,2,NA,NA,NA,NA,13.7,NA,NA,NA,NA,NA,2017-05-24
431,24,5,2017,80,2,NA,NA,NA,NA,13.7,NA,NA,NA,NA,NA,2017-05-24
605,23,5,2017,81,2,NA,NA,NA,NA,13.4,NA,NA,NA,NA,NA,2017-05-23
1990,23,5,2017,96,2,NA,NA,NA,NA,15.2,NA,NA,NA,NA,NA,2017-05-23
1041,23,5,2017,87,2,NA,NA,NA,NA,23,NA,NA,NA,NA,NA,2017-05-23
3048,23,5,2017,109,2,NA,NA,NA,NA,20.6,NA,NA,NA,NA,NA,2017-05-23
2477,23,5,2017,101,2,NA,NA,NA,NA,26.1,NA,NA,NA,NA,NA,2017-05-23
2210,23,5,2017,98,2,NA,NA,NA,NA,26,NA,NA,NA,NA,NA,2017-05-23
3674,23,5,2017,118,2,NA,NA,NA,NA,8,NA,NA,NA,NA,NA,2017-05-23
4200,23,5,2017,125,2,NA,NA,NA,NA,0.1,NA,NA,NA,NA,NA,2017-05-23
3422,22,5,2017,114,2,NA,NA,NA,NA,1.9,NA,NA,NA,NA,NA,2017-05-22
2911,22,5,2017,106,2,NA,NA,NA,NA,20.3,NA,NA,NA,NA,NA,2017-05-22
1833,22,5,2017,95,2,NA,NA,NA,NA,16.1,NA,NA,NA,NA,NA,2017-05-22
1693,22,5,2017,93,2,NA,NA,NA,NA,14.7,NA,NA,NA,NA,NA,2017-05-22
4450,21,5,2017,133,2,NA,NA,NA,NA,4.1,NA,NA,NA,NA,NA,2017-05-21
3047,18,5,2017,109,2,NA,NA,NA,NA,22.5,NA,NA,NA,NA,NA,2017-05-18
3258,17,5,2017,113,2,NA,NA,NA,NA,0.9,NA,NA,NA,NA,NA,2017-05-17
1560,17,5,2017,91,2,NA,NA,NA,NA,16.9,NA,NA,NA,NA,NA,2017-05-17
843,16,5,2017,83,2,NA,NA,NA,NA,24.9,NA,NA,NA,NA,NA,2017-05-16
3673,16,5,2017,118,2,NA,NA,NA,NA,7.3,NA,NA,NA,NA,NA,2017-05-16
2760,16,5,2017,104,2,NA,NA,NA,NA,18.9,NA,NA,NA,NA,NA,2017-05-16
2209,16,5,2017,98,2,NA,NA,NA,NA,26,NA,NA,NA,NA,NA,2017-05-16
2476,16,5,2017,101,2,NA,NA,NA,NA,24.9,NA,NA,NA,NA,NA,2017-05-16
4449,16,5,2017,133,2,NA,NA,NA,NA,3.1,NA,NA,NA,NA,NA,2017-05-16
4613,15,5,2017,93,2,NA,NA,NA,NA,18.3,NA,NA,NA,NA,NA,2017-05-15
6451,15,5,2017,134,3,Benthic,NA,NA,NA,NA,NA,NA,NA,NA,NA,2017-05-15
6448,15,5,2017,133,3,Benthic,NA,NA,NA,NA,NA,NA,NA,NA,NA,2017-05-15
2315,15,5,2017,99,2,NA,NA,NA,NA,17.4,NA,NA,NA,NA,NA,2017-05-15
267,15,5,2017,79,2,NA,NA,NA,NA,8.8,NA,NA,NA,NA,NA,2017-05-15
2910,11,5,2017,106,2,NA,NA,NA,NA,20.6,NA,NA,NA,NA,NA,2017-05-11
3046,10,5,2017,109,2,NA,NA,NA,NA,21.1,NA,NA,NA,NA,NA,2017-05-10
3257,10,5,2017,113,2,NA,NA,NA,NA,0.3,NA,NA,NA,NA,NA,2017-05-10
430,10,5,2017,80,2,NA,NA,NA,NA,11.1,NA,NA,NA,NA,NA,2017-05-10
266,9,5,2017,79,2,NA,NA,NA,NA,8.4,NA,NA,NA,NA,NA,2017-05-09
604,9,5,2017,81,2,NA,NA,NA,NA,9.4,NA,NA,NA,NA,NA,2017-05-09
1559,9,5,2017,91,2,NA,NA,NA,NA,15.6,NA,NA,NA,NA,NA,2017-05-09
3421,9,5,2017,114,2,NA,NA,NA,NA,1.7,NA,NA,NA,NA,NA,2017-05-09
2314,9,5,2017,99,2,NA,NA,NA,NA,16.3,NA,NA,NA,NA,NA,2017-05-09
1692,8,5,2017,93,2,NA,NA,NA,NA,16.8,NA,NA,NA,NA,NA,2017-05-08
1832,8,5,2017,95,2,NA,NA,NA,NA,10.6,NA,NA,NA,NA,NA,2017-05-08
1691,4,5,2017,93,2,NA,NA,NA,NA,12.5,NA,NA,NA,NA,NA,2017-05-04
1201,4,5,2017,88,2,NA,NA,NA,NA,19.8,NA,NA,NA,NA,NA,2017-05-04
5269,4,5,2017,182,3,Littoral,NA,NA,NA,NA,NA,NA,NA,NA,NA,2017-05-04
5249,4,5,2017,180,3,Littoral,NA,NA,NA,NA,NA,NA,NA,NA,NA,2017-05-04
5231,4,5,2017,178,3,Littoral,NA,NA,NA,NA,NA,NA,NA,NA,NA,2017-05-04
5213,4,5,2017,176,3,Littoral,NA,NA,NA,NA,NA,NA,NA,NA,NA,2017-05-04
5196,4,5,2017,174,3,Littoral,NA,NA,NA,NA,NA,NA,NA,NA,NA,2017-05-04
5178,3,5,2017,173,3,Pelagic,NA,NA,NA,NA,NA,NA,NA,NA,NA,2017-05-03
5142,3,5,2017,89,3,Pelagic,NA,NA,NA,NA,NA,NA,NA,NA,NA,2017-05-03
5160,3,5,2017,172,3,Pelagic,NA,NA,NA,NA,NA,NA,NA,NA,NA,2017-05-03
429,3,5,2017,80,2,NA,NA,NA,NA,13.8,NA,NA,NA,NA,NA,2017-05-03
2313,3,5,2017,99,2,NA,NA,NA,NA,18.1,NA,NA,NA,NA,NA,2017-05-03
2909,3,5,2017,106,2,NA,NA,NA,NA,19.8,NA,NA,NA,NA,NA,2017-05-03
2626,3,5,2017,102,2,NA,NA,0.5,NA,10.2,NA,NA,NA,NA,NA,2017-05-03
3420,3,5,2017,114,2,NA,NA,NA,NA,1.2,NA,NA,NA,NA,NA,2017-05-03
3672,2,5,2017,118,2,NA,NA,NA,NA,7,NA,NA,NA,NA,NA,2017-05-02
2689,2,5,2017,103,2,NA,NA,0.5,NA,9.4,NA,NA,NA,NA,NA,2017-05-02
2759,2,5,2017,104,2,NA,NA,NA,NA,12.5,NA,NA,NA,NA,NA,2017-05-02
2908,2,5,2017,106,2,NA,NA,NA,NA,19.3,NA,NA,NA,NA,NA,2017-05-02
2475,2,5,2017,101,2,NA,NA,NA,NA,23.2,NA,NA,NA,NA,NA,2017-05-02
2208,2,5,2017,98,2,NA,NA,NA,NA,23.9,NA,NA,NA,NA,NA,2017-05-02
603,2,5,2017,81,2,NA,NA,NA,NA,15.7,NA,NA,NA,NA,NA,2017-05-02
770,2,5,2017,7,2,NA,NA,0.5,NA,27.4,NA,NA,NA,NA,NA,2017-05-02
1377,2,5,2017,89,2,NA,NA,0.5,NA,NA,NA,NA,NA,NA,NA,2017-05-02
1558,2,5,2017,91,2,NA,NA,NA,NA,12.6,NA,NA,NA,NA,NA,2017-05-02
1989,2,5,2017,96,2,NA,NA,NA,NA,14.1,NA,NA,NA,NA,NA,2017-05-02
1831,1,5,2017,95,2,NA,NA,NA,NA,16.5,NA,NA,NA,NA,NA,2017-05-01
1690,1,5,2017,93,2,NA,NA,NA,NA,12.5,NA,NA,NA,NA,NA,2017-05-01
1499,1,5,2017,90,2,NA,NA,0.5,NA,8.2,NA,NA,NA,NA,NA,2017-05-01
959,1,5,2017,84,2,NA,NA,0.5,NA,26.9,NA,NA,NA,NA,NA,2017-05-01
3045,1,5,2017,109,2,NA,NA,NA,NA,15.7,NA,NA,NA,NA,NA,2017-05-01
3044,27,4,2017,109,2,NA,NA,NA,NA,14.7,NA,NA,NA,NA,NA,2017-04-27
1040,27,4,2017,87,2,NA,NA,NA,NA,22.5,NA,NA,NA,NA,NA,2017-04-27
6052,27,4,2017,241,3,Littoral,NA,NA,NA,NA,NA,NA,NA,NA,NA,2017-04-27
5938,27,4,2017,103,3,Pelagic,NA,NA,NA,NA,NA,NA,NA,NA,NA,2017-04-27
5957,27,4,2017,232,3,Littoral,NA,NA,NA,NA,NA,NA,NA,NA,NA,2017-04-27
5976,27,4,2017,233,3,Littoral,NA,NA,NA,NA,NA,NA,NA,NA,NA,2017-04-27
6035,27,4,2017,239,3,Littoral,NA,NA,NA,NA,NA,NA,NA,NA,NA,2017-04-27
428,26,4,2017,80,2,NA,NA,NA,NA,13.4,NA,NA,NA,NA,NA,2017-04-26
265,26,4,2017,79,2,NA,NA,NA,NA,8.9,NA,NA,NA,NA,NA,2017-04-26
3043,26,4,2017,109,2,NA,NA,NA,NA,17.9,NA,NA,NA,NA,NA,2017-04-26
3042,25,4,2017,109,2,NA,NA,NA,NA,20.2,NA,NA,NA,NA,NA,2017-04-25
3671,25,4,2017,118,2,NA,NA,NA,NA,3.8,NA,NA,NA,NA,NA,2017-04-25
842,25,4,2017,83,2,NA,NA,NA,NA,22.1,NA,NA,NA,NA,NA,2017-04-25
602,25,4,2017,81,2,NA,NA,NA,NA,11,NA,NA,NA,NA,NA,2017-04-25
1200,25,4,2017,88,2,NA,NA,NA,NA,20.8,NA,NA,NA,NA,NA,2017-04-25
1988,25,4,2017,96,2,NA,NA,NA,NA,13.9,NA,NA,NA,NA,NA,2017-04-25
3041,24,4,2017,109,2,NA,NA,NA,NA,15.2,NA,NA,NA,NA,NA,2017-04-24
2207,24,4,2017,98,2,NA,NA,NA,NA,22.9,NA,NA,NA,NA,NA,2017-04-24
5286,24,4,2017,90,3,Pelagic,NA,NA,NA,NA,NA,NA,NA,NA,NA,2017-04-24
5304,24,4,2017,184,3,Pelagic,NA,NA,NA,NA,NA,NA,NA,NA,NA,2017-04-24
5322,24,4,2017,185,3,Pelagic,NA,NA,NA,NA,NA,NA,NA,NA,NA,2017-04-24
5368,24,4,2017,189,3,Littoral,NA,NA,NA,NA,NA,NA,NA,NA,NA,2017-04-24
5386,24,4,2017,191,3,Littoral,NA,NA,NA,NA,NA,NA,NA,NA,NA,2017-04-24
5350,24,4,2017,187,3,Littoral,NA,NA,NA,NA,NA,NA,NA,NA,NA,2017-04-24
5404,24,4,2017,193,3,Littoral,NA,NA,NA,NA,NA,NA,NA,NA,NA,2017-04-24
5422,24,4,2017,195,3,Littoral,NA,NA,NA,NA,NA,NA,NA,NA,NA,2017-04-24
5432,21,4,2017,92,3,Benthic,NA,NA,NA,NA,NA,NA,NA,NA,NA,2017-04-21
5430,21,4,2017,91,3,Benthic,NA,NA,NA,NA,NA,NA,NA,NA,NA,2017-04-21
2206,20,4,2017,98,2,NA,NA,NA,NA,23.5,NA,NA,NA,NA,NA,2017-04-20
2474,20,4,2017,101,2,NA,NA,NA,NA,22.5,NA,NA,NA,NA,NA,2017-04-20
1557,19,4,2017,91,2,NA,NA,NA,NA,15.2,NA,NA,NA,NA,NA,2017-04-19
427,19,4,2017,80,2,NA,NA,NA,NA,12.9,NA,NA,NA,NA,NA,2017-04-19
4675,19,4,2017,135,3,Benthic,NA,NA,NA,NA,NA,NA,NA,NA,NA,2017-04-19
4672,19,4,2017,79,3,Benthic,NA,NA,NA,NA,NA,NA,NA,NA,NA,2017-04-19
601,18,4,2017,81,2,NA,NA,NA,NA,13,NA,NA,NA,NA,NA,2017-04-18
841,18,4,2017,83,2,NA,NA,0.5,NA,22.2,NA,NA,NA,NA,NA,2017-04-18
1376,18,4,2017,89,2,NA,NA,0.5,NA,7.2,NA,NA,NA,NA,NA,2017-04-18
3040,18,4,2017,109,2,NA,NA,NA,NA,17.5,NA,NA,NA,NA,NA,2017-04-18
2758,18,4,2017,104,2,NA,NA,NA,NA,13.5,NA,NA,NA,NA,NA,2017-04-18
3670,18,4,2017,118,2,NA,NA,NA,NA,6.8,NA,NA,NA,NA,NA,2017-04-18
1987,17,4,2017,96,2,NA,NA,NA,NA,14.5,NA,NA,NA,NA,NA,2017-04-17
1830,17,4,2017,95,2,NA,NA,NA,NA,13.8,NA,NA,NA,NA,NA,2017-04-17
264,17,4,2017,79,2,NA,NA,NA,NA,11.5,NA,NA,NA,NA,NA,2017-04-17
5449,17,4,2017,93,3,Benthic,NA,NA,NA,NA,NA,NA,NA,NA,NA,2017-04-17
5804,17,4,2017,102,3,Pelagic,NA,NA,NA,NA,NA,NA,NA,NA,NA,2017-04-17
5840,17,4,2017,219,3,Littoral,NA,NA,NA,NA,NA,NA,NA,NA,NA,2017-04-17
5823,17,4,2017,218,3,Littoral,NA,NA,NA,NA,NA,NA,NA,NA,NA,2017-04-17
9,12,4,2017,5,1,Benthic,NA,NA,NA,NA,NA,NA,NA,NA,NA,2017-04-12
1829,12,4,2017,95,2,NA,NA,NA,NA,12.2,NA,NA,NA,NA,NA,2017-04-12
3256,12,4,2017,113,2,NA,NA,NA,NA,0.4,NA,NA,NA,NA,NA,2017-04-12
2907,11,4,2017,106,2,NA,NA,NA,NA,18.1,NA,NA,NA,NA,NA,2017-04-11
2473,11,4,2017,101,2,NA,NA,NA,NA,19,NA,NA,NA,NA,NA,2017-04-11
2205,11,4,2017,98,2,NA,NA,NA,NA,19.2,NA,NA,NA,NA,NA,2017-04-11
1986,11,4,2017,96,2,NA,NA,NA,NA,13.5,NA,NA,NA,NA,NA,2017-04-11
1472,11,4,2017,90,2,NA,NA,0.5,NA,4.6,NA,NA,NA,NA,NA,2017-04-11
263,11,4,2017,79,2,NA,NA,NA,NA,7.8,NA,NA,NA,NA,NA,2017-04-11
840,11,4,2017,83,2,NA,NA,0.5,NA,19.2,NA,NA,NA,NA,NA,2017-04-11
1689,6,4,2017,93,2,NA,NA,NA,NA,9.6,NA,NA,NA,NA,NA,2017-04-06
2757,6,4,2017,104,2,NA,NA,NA,NA,9,NA,NA,NA,NA,NA,2017-04-06
262,5,4,2017,79,2,NA,NA,NA,NA,3,NA,NA,NA,NA,NA,2017-04-05
6197,5,4,2017,119,3,Benthic,NA,NA,NA,NA,NA,NA,NA,NA,NA,2017-04-05
1556,4,4,2017,91,2,NA,NA,NA,NA,10.6,NA,NA,NA,NA,NA,2017-04-04
3039,4,4,2017,109,2,NA,NA,NA,NA,15.8,NA,NA,NA,NA,NA,2017-04-04
4690,29,3,2017,136,3,Benthic,NA,NA,NA,NA,NA,NA,NA,NA,NA,2017-03-29
4688,29,3,2017,80,3,Benthic,NA,NA,NA,NA,NA,NA,NA,NA,NA,2017-03-29
1985,29,3,2017,96,2,NA,NA,NA,NA,12.5,NA,NA,NA,NA,NA,2017-03-29
1828,28,3,2017,95,2,NA,NA,NA,NA,11.1,NA,NA,NA,NA,NA,2017-03-28
1555,28,3,2017,91,2,NA,NA,NA,NA,12.3,NA,NA,NA,NA,NA,2017-03-28
1199,28,3,2017,88,2,NA,NA,NA,NA,20,NA,NA,NA,NA,NA,2017-03-28
2906,28,3,2017,106,2,NA,NA,NA,NA,17.8,NA,NA,NA,NA,NA,2017-03-28
3038,27,3,2017,109,2,NA,NA,NA,NA,15.9,NA,NA,NA,NA,NA,2017-03-27
426,27,3,2017,80,2,NA,NA,NA,NA,11.3,NA,NA,NA,NA,NA,2017-03-27
6079,27,3,2017,105,3,Benthic,NA,NA,NA,NA,NA,NA,NA,NA,NA,2017-03-27
6076,27,3,2017,104,3,Benthic,NA,NA,NA,NA,NA,NA,NA,NA,NA,2017-03-27
5471,23,3,2017,196,3,Benthic,NA,NA,NA,NA,NA,NA,NA,NA,NA,2017-03-23
5468,23,3,2017,95,3,Benthic,NA,NA,NA,NA,NA,NA,NA,NA,NA,2017-03-23
2472,22,3,2017,101,2,NA,NA,NA,NA,15,NA,NA,NA,NA,NA,2017-03-22
2312,21,3,2017,99,2,NA,NA,NA,NA,14.9,NA,NA,NA,NA,NA,2017-03-21
1039,21,3,2017,87,2,NA,NA,NA,NA,21.3,NA,NA,NA,NA,NA,2017-03-21
1984,21,3,2017,96,2,NA,NA,NA,NA,11.5,NA,NA,NA,NA,NA,2017-03-21
4709,21,3,2017,137,3,Benthic,NA,NA,NA,NA,NA,NA,NA,NA,NA,2017-03-21
4706,21,3,2017,81,3,Benthic,NA,NA,NA,NA,NA,NA,NA,NA,NA,2017-03-21
261,20,3,2017,79,2,NA,NA,NA,NA,0.1,NA,NA,NA,NA,NA,2017-03-20
600,20,3,2017,81,2,NA,NA,NA,NA,4.9,NA,NA,NA,NA,NA,2017-03-20
260,16,3,2017,79,2,NA,NA,NA,NA,0,NA,NA,NA,NA,NA,2017-03-16
425,15,3,2017,80,2,NA,NA,NA,NA,2.9,NA,NA,NA,NA,NA,2017-03-15
1688,14,3,2017,93,2,NA,NA,NA,NA,4.7,NA,NA,NA,NA,NA,2017-03-14
5652,14,3,2017,100,3,Benthic,NA,NA,NA,NA,NA,NA,NA,NA,NA,2017-03-14
5649,14,3,2017,99,3,Benthic,NA,NA,NA,NA,NA,NA,NA,NA,NA,2017-03-14
6099,14,3,2017,108,3,Benthic,NA,NA,NA,NA,NA,NA,NA,NA,NA,2017-03-14
6096,14,3,2017,106,3,Benthic,NA,NA,NA,NA,NA,NA,NA,NA,NA,2017-03-14
1827,13,3,2017,95,2,NA,NA,NA,NA,5.2,NA,NA,NA,NA,NA,2017-03-13
599,13,3,2017,81,2,NA,NA,NA,NA,3.1,NA,NA,NA,NA,NA,2017-03-13
2905,9,3,2017,106,2,NA,NA,NA,NA,15.7,NA,NA,NA,NA,NA,2017-03-09
2756,9,3,2017,104,2,NA,NA,NA,NA,8.3,NA,NA,NA,NA,NA,2017-03-09
5492,8,3,2017,96,3,Benthic,NA,NA,NA,NA,NA,NA,NA,NA,NA,2017-03-08
5495,8,3,2017,197,3,Benthic,NA,NA,NA,NA,NA,NA,NA,NA,NA,2017-03-08
3037,7,3,2017,109,2,NA,NA,NA,NA,13.9,NA,NA,NA,NA,NA,2017-03-07
2204,7,3,2017,98,2,NA,NA,NA,NA,16.7,NA,NA,NA,NA,NA,2017-03-07
2471,7,3,2017,101,2,NA,NA,NA,NA,16.1,NA,NA,NA,NA,NA,2017-03-07
424,7,3,2017,80,2,NA,NA,NA,NA,9.8,NA,NA,NA,NA,NA,2017-03-07
1554,7,3,2017,91,2,NA,NA,NA,NA,10.3,NA,NA,NA,NA,NA,2017-03-07
1687,6,3,2017,93,2,NA,NA,NA,NA,13.2,NA,NA,NA,NA,NA,2017-03-06
1983,6,3,2017,96,2,NA,NA,NA,NA,12.7,NA,NA,NA,NA,NA,2017-03-06
259,6,3,2017,79,2,NA,NA,NA,NA,0.1,NA,NA,NA,NA,NA,2017-03-06
598,6,3,2017,81,2,NA,NA,NA,NA,1.6,NA,NA,NA,NA,NA,2017-03-06
2311,6,3,2017,99,2,NA,NA,NA,NA,13.2,NA,NA,NA,NA,NA,2017-03-06
2470,2,3,2017,101,2,NA,NA,NA,NA,16.6,NA,NA,NA,NA,NA,2017-03-02
2203,1,3,2017,98,2,NA,NA,NA,NA,16.3,NA,NA,NA,NA,NA,2017-03-01
2755,1,3,2017,104,2,NA,NA,NA,NA,4.1,NA,NA,NA,NA,NA,2017-03-01
423,1,3,2017,80,2,NA,NA,NA,NA,10.9,NA,NA,NA,NA,NA,2017-03-01
1038,1,3,2017,87,2,NA,NA,NA,NA,21.2,NA,NA,NA,NA,NA,2017-03-01
1198,28,2,2017,88,2,NA,NA,NA,NA,19.5,NA,NA,NA,NA,NA,2017-02-28
1826,28,2,2017,95,2,NA,NA,NA,NA,8.1,NA,NA,NA,NA,NA,2017-02-28
597,28,2,2017,81,2,NA,NA,NA,NA,8.2,NA,NA,NA,NA,NA,2017-02-28
1982,27,2,2017,96,2,NA,NA,NA,NA,9.7,NA,NA,NA,NA,NA,2017-02-27
5524,27,2,2017,98,3,NA,NA,NA,NA,NA,NA,NA,NA,NA,NA,2017-02-27
5641,27,2,2017,207,3,Littoral,NA,NA,NA,NA,NA,NA,NA,NA,NA,2017-02-27
5602,27,2,2017,203,3,Littoral,NA,NA,NA,NA,NA,NA,NA,NA,NA,2017-02-27
5621,27,2,2017,205,3,Littoral,NA,NA,NA,NA,NA,NA,NA,NA,NA,2017-02-27
5582,27,2,2017,201,3,Littoral,NA,NA,NA,NA,NA,NA,NA,NA,NA,2017-02-27
5798,23,2,2017,217,3,Littoral,NA,NA,NA,NA,NA,NA,NA,NA,NA,2017-02-23
5759,23,2,2017,213,3,Littoral,NA,NA,NA,NA,NA,NA,NA,NA,NA,2017-02-23
5779,23,2,2017,215,3,Littoral,NA,NA,NA,NA,NA,NA,NA,NA,NA,2017-02-23
5738,23,2,2017,211,3,Littoral,NA,NA,NA,NA,NA,NA,NA,NA,NA,2017-02-23
5719,23,2,2017,209,3,Littoral,NA,NA,NA,NA,NA,NA,NA,NA,NA,2017-02-23
5687,23,2,2017,22,3,Pelagic,NA,NA,NA,NA,NA,NA,NA,NA,NA,2017-02-23
5672,23,2,2017,101,3,Pelagic,NA,NA,NA,NA,NA,NA,NA,NA,NA,2017-02-23
6117,21,2,2017,110,3,Benthic,NA,NA,NA,NA,NA,NA,NA,NA,NA,2017-02-21
6114,21,2,2017,109,3,Benthic,NA,NA,NA,NA,NA,NA,NA,NA,NA,2017-02-21
1981,21,2,2017,96,2,NA,NA,NA,NA,13.4,NA,NA,NA,NA,NA,2017-02-21
1037,21,2,2017,87,2,NA,NA,NA,NA,21.3,NA,NA,NA,NA,NA,2017-02-21
258,21,2,2017,79,2,NA,NA,NA,NA,0.2,NA,NA,NA,NA,NA,2017-02-21
3036,21,2,2017,109,2,NA,NA,NA,NA,17.1,NA,NA,NA,NA,NA,2017-02-21
2310,20,2,2017,99,2,NA,NA,NA,NA,12.4,NA,NA,NA,NA,NA,2017-02-20
422,15,2,2017,80,2,NA,NA,NA,NA,6.4,NA,NA,NA,NA,NA,2017-02-15
257,14,2,2017,79,2,NA,NA,NA,NA,0,NA,NA,NA,NA,NA,2017-02-14
596,14,2,2017,81,2,NA,NA,NA,NA,2.2,NA,NA,NA,NA,NA,2017-02-14
1197,14,2,2017,88,2,NA,NA,NA,NA,18.2,NA,NA,NA,NA,NA,2017-02-14
1825,14,2,2017,95,2,NA,NA,NA,NA,6.6,NA,NA,NA,NA,NA,2017-02-14
1686,14,2,2017,93,2,NA,NA,NA,NA,6.2,NA,NA,NA,NA,NA,2017-02-14
2309,14,2,2017,99,2,NA,NA,NA,NA,10.3,NA,NA,NA,NA,NA,2017-02-14
2904,14,2,2017,106,2,NA,NA,NA,NA,11.9,NA,NA,NA,NA,NA,2017-02-14
2754,14,2,2017,104,2,NA,NA,NA,NA,3.6,NA,NA,NA,NA,NA,2017-02-14
1980,13,2,2017,96,2,NA,NA,NA,NA,9.4,NA,NA,NA,NA,NA,2017-02-13
2308,8,2,2017,99,2,NA,NA,NA,NA,13.6,NA,NA,NA,NA,NA,2017-02-08
2753,7,2,2017,104,2,NA,NA,NA,NA,3.4,NA,NA,NA,NA,NA,2017-02-07
1354,7,2,2017,89,2,NA,NA,0.5,NA,0.6,NA,NA,NA,NA,NA,2017-02-07
4333,7,2,2017,128,2,NA,NA,0.5,NA,0.7,NA,NA,NA,NA,NA,2017-02-07
421,1,2,2017,80,2,NA,NA,NA,NA,6.7,NA,NA,NA,NA,NA,2017-02-01
2202,1,2,2017,98,2,NA,NA,NA,NA,13.3,NA,NA,NA,NA,NA,2017-02-01
2469,1,2,2017,101,2,NA,NA,NA,NA,13.1,NA,NA,NA,NA,NA,2017-02-01
595,31,1,2017,81,2,NA,NA,NA,NA,0.7,NA,NA,NA,NA,NA,2017-01-31
420,25,1,2017,80,2,NA,NA,NA,NA,7.7,NA,NA,NA,NA,NA,2017-01-25
256,25,1,2017,79,2,NA,NA,NA,NA,1.5,NA,NA,NA,NA,NA,2017-01-25
1196,24,1,2017,88,2,NA,NA,NA,NA,18.7,NA,NA,NA,NA,NA,2017-01-24
2468,24,1,2017,101,2,NA,NA,NA,NA,14.7,NA,NA,NA,NA,NA,2017-01-24
2201,24,1,2017,98,2,NA,NA,NA,NA,15.2,NA,NA,NA,NA,NA,2017-01-24
2307,23,1,2017,99,2,NA,NA,NA,NA,13.6,NA,NA,NA,NA,NA,2017-01-23
2752,18,1,2017,104,2,NA,NA,NA,NA,0.2,NA,NA,NA,NA,NA,2017-01-18
1036,17,1,2017,87,2,NA,NA,NA,NA,20.9,NA,NA,NA,NA,NA,2017-01-17
255,17,1,2017,79,2,NA,NA,NA,NA,0,NA,NA,NA,NA,NA,2017-01-17
1979,16,1,2017,96,2,NA,NA,NA,NA,12.7,NA,NA,NA,NA,NA,2017-01-16
2200,12,1,2017,98,2,NA,NA,NA,NA,12.3,NA,NA,NA,NA,NA,2017-01-12
2467,12,1,2017,101,2,NA,NA,NA,NA,11.2,NA,NA,NA,NA,NA,2017-01-12
419,11,1,2017,80,2,NA,NA,NA,NA,3.7,NA,NA,NA,NA,NA,2017-01-11
1824,10,1,2017,95,2,NA,NA,NA,NA,2.7,NA,NA,NA,NA,NA,2017-01-10
3035,10,1,2017,109,2,NA,NA,NA,NA,9.6,NA,NA,NA,NA,NA,2017-01-10
3669,10,1,2017,118,2,NA,NA,NA,NA,2.2,NA,NA,NA,NA,NA,2017-01-10
2306,9,1,2017,99,2,NA,NA,NA,NA,2.7,NA,NA,NA,NA,NA,2017-01-09
1978,4,1,2017,96,2,NA,NA,NA,NA,11.4,NA,NA,NA,NA,NA,2017-01-04
1553,3,1,2017,91,2,NA,NA,NA,NA,6.7,NA,NA,NA,NA,NA,2017-01-03
1035,20,12,2016,87,2,NA,NA,NA,NA,22.6,NA,NA,NA,NA,NA,2016-12-20
2305,19,12,2016,99,2,NA,NA,NA,NA,6.7,NA,NA,NA,NA,NA,2016-12-19
254,14,12,2016,79,2,NA,NA,NA,NA,0.3,NA,NA,NA,NA,NA,2016-12-14
594,13,12,2016,81,2,NA,NA,NA,NA,2.6,NA,NA,NA,NA,NA,2016-12-13
769,13,12,2016,7,2,NA,NA,0.5,NA,19.3,NA,NA,NA,NA,NA,2016-12-13
1195,13,12,2016,88,2,NA,NA,NA,NA,19.5,NA,NA,NA,NA,NA,2016-12-13
1685,13,12,2016,93,2,NA,NA,NA,NA,4,NA,NA,NA,NA,NA,2016-12-13
1977,13,12,2016,96,2,NA,NA,NA,NA,10.1,NA,NA,NA,NA,NA,2016-12-13
2199,13,12,2016,98,2,NA,NA,NA,NA,14.9,NA,NA,NA,NA,NA,2016-12-13
2466,13,12,2016,101,2,NA,NA,NA,NA,14.5,NA,NA,NA,NA,NA,2016-12-13
3034,13,12,2016,109,2,NA,NA,NA,NA,8.2,NA,NA,NA,NA,NA,2016-12-13
3255,13,12,2016,113,2,NA,NA,NA,NA,0,NA,NA,NA,NA,NA,2016-12-13
253,7,12,2016,79,2,NA,NA,NA,NA,2.1,NA,NA,NA,NA,NA,2016-12-07
418,7,12,2016,80,2,NA,NA,NA,NA,7.8,NA,NA,NA,NA,NA,2016-12-07
593,6,12,2016,81,2,NA,NA,NA,NA,5.2,NA,NA,NA,NA,NA,2016-12-06
1552,6,12,2016,91,2,NA,NA,NA,NA,8.4,NA,NA,NA,NA,NA,2016-12-06
1034,6,12,2016,87,2,NA,NA,NA,NA,22.5,NA,NA,NA,NA,NA,2016-12-06
2304,6,12,2016,99,2,NA,NA,NA,NA,13.7,NA,NA,NA,NA,NA,2016-12-06
4332,6,12,2016,128,2,NA,NA,0.5,NA,0.1,NA,NA,NA,NA,NA,2016-12-06
958,5,12,2016,84,2,NA,NA,0.5,NA,19.4,NA,NA,NA,NA,NA,2016-12-05
1026,5,12,2016,85,2,NA,NA,0.5,NA,19,NA,NA,NA,NA,NA,2016-12-05
1029,5,12,2016,86,2,NA,NA,0.5,NA,19.5,NA,NA,NA,NA,NA,2016-12-05
2198,1,12,2016,98,2,NA,NA,NA,NA,17.7,NA,NA,NA,NA,NA,2016-12-01
2465,1,12,2016,101,2,NA,NA,NA,NA,17.7,NA,NA,NA,NA,NA,2016-12-01
417,30,11,2016,80,2,NA,NA,NA,NA,9.9,NA,NA,NA,NA,NA,2016-11-30
592,29,11,2016,81,2,NA,NA,NA,NA,6.6,NA,NA,NA,NA,NA,2016-11-29
1194,29,11,2016,88,2,NA,NA,NA,NA,19.4,NA,NA,NA,NA,NA,2016-11-29
1976,29,11,2016,96,2,NA,NA,NA,NA,12.3,NA,NA,NA,NA,NA,2016-11-29
2303,29,11,2016,99,2,NA,NA,NA,NA,13.8,NA,NA,NA,NA,NA,2016-11-29
2197,22,11,2016,98,2,NA,NA,NA,NA,19.9,NA,NA,NA,NA,NA,2016-11-22
2464,22,11,2016,101,2,NA,NA,0.5,NA,19.2,NA,NA,NA,NA,NA,2016-11-22
1975,22,11,2016,96,2,NA,NA,NA,NA,7.6,NA,NA,NA,NA,NA,2016-11-22
252,17,11,2016,79,2,NA,NA,NA,NA,6,NA,NA,NA,NA,NA,2016-11-17
2196,16,11,2016,98,2,NA,NA,NA,NA,22.7,NA,NA,NA,NA,NA,2016-11-16
2302,15,11,2016,99,2,NA,NA,NA,NA,10.8,NA,NA,NA,NA,NA,2016-11-15
1193,15,11,2016,88,2,NA,NA,NA,NA,20.3,NA,NA,NA,NA,NA,2016-11-15
251,10,11,2016,79,2,NA,NA,NA,NA,4.8,NA,NA,NA,NA,NA,2016-11-10
416,9,11,2016,80,2,NA,NA,NA,NA,11.2,NA,NA,NA,NA,NA,2016-11-09
2463,9,11,2016,101,2,NA,NA,NA,NA,23.3,NA,NA,NA,NA,NA,2016-11-09
3254,8,11,2016,113,2,NA,NA,NA,NA,0.1,NA,NA,NA,NA,NA,2016-11-08
591,8,11,2016,81,2,NA,NA,NA,NA,7.1,NA,NA,NA,NA,NA,2016-11-08
1823,8,11,2016,95,2,NA,NA,NA,NA,12.2,NA,NA,NA,NA,NA,2016-11-08
1033,7,11,2016,87,2,NA,NA,NA,NA,23.2,NA,NA,NA,NA,NA,2016-11-07
4331,7,11,2016,128,2,NA,NA,0.5,NA,1,NA,NA,NA,NA,NA,2016-11-07
2301,3,11,2016,99,2,NA,NA,NA,NA,16.5,NA,NA,NA,NA,NA,2016-11-03
3033,1,11,2016,109,2,NA,NA,NA,NA,18,NA,NA,NA,NA,NA,2016-11-01
2751,1,11,2016,104,2,NA,NA,NA,NA,11.2,NA,NA,NA,NA,NA,2016-11-01
1551,1,11,2016,91,2,NA,NA,NA,NA,15.9,NA,NA,NA,NA,NA,2016-11-01
14,1,11,2016,7,1,Littoral,NA,NA,NA,NA,NA,NA,NA,NA,NA,2016-11-01
46,31,10,2016,13,1,Benthic,NA,NA,NA,NA,NA,NA,NA,NA,NA,2016-10-31
44,31,10,2016,12,1,Benthic,NA,NA,NA,NA,NA,NA,NA,NA,NA,2016-10-31
1032,31,10,2016,87,2,NA,NA,NA,NA,23,NA,NA,NA,NA,NA,2016-10-31
1028,31,10,2016,86,2,NA,NA,0.5,NA,23.1,NA,NA,NA,NA,NA,2016-10-31
957,31,10,2016,84,2,NA,NA,0.5,NA,23,NA,NA,NA,NA,NA,2016-10-31
61,26,10,2016,21,1,Benthic,NA,NA,NA,NA,NA,NA,NA,NA,NA,2016-10-26
1192,26,10,2016,88,2,NA,NA,NA,NA,20.4,NA,NA,NA,NA,NA,2016-10-26
1550,25,10,2016,91,2,NA,NA,NA,NA,15.4,NA,NA,NA,NA,NA,2016-10-25
1974,25,10,2016,96,2,NA,NA,NA,NA,12.7,NA,NA,NA,NA,NA,2016-10-25
1031,25,10,2016,87,2,NA,NA,NA,NA,22.9,NA,NA,NA,NA,NA,2016-10-25
415,19,10,2016,80,2,NA,NA,NA,NA,15,NA,NA,NA,NA,NA,2016-10-19
2625,19,10,2016,102,2,NA,NA,0.5,NA,7.9,NA,NA,NA,NA,NA,2016-10-19
2688,18,10,2016,103,2,NA,NA,0.5,NA,8.2,NA,NA,NA,NA,NA,2016-10-18
250,18,10,2016,79,2,NA,NA,NA,NA,12.4,NA,NA,NA,NA,NA,2016-10-18
1030,17,10,2016,87,2,NA,NA,NA,NA,23.2,NA,NA,NA,NA,NA,2016-10-17
1822,13,10,2016,95,2,NA,NA,NA,NA,13.3,NA,NA,NA,NA,NA,2016-10-13
1191,11,10,2016,88,2,NA,NA,NA,NA,21.8,NA,NA,NA,NA,NA,2016-10-11
1027,11,10,2016,86,2,NA,NA,0.5,NA,24.5,NA,NA,NA,NA,NA,2016-10-11
1025,11,10,2016,85,2,NA,NA,0.5,NA,24,NA,NA,NA,NA,NA,2016-10-11
11,11,10,2016,6,1,NA,NA,NA,NA,NA,NA,NA,NA,NA,NA,2016-10-11
8,11,10,2016,4,1,Benthic,NA,NA,NA,NA,NA,NA,NA,NA,NA,2016-10-11
3032,11,10,2016,109,2,NA,NA,NA,NA,15.2,NA,NA,NA,NA,NA,2016-10-11
4448,11,10,2016,133,2,NA,NA,NA,NA,0.2,NA,NA,NA,NA,NA,2016-10-11
414,5,10,2016,80,2,NA,NA,NA,NA,14.5,NA,NA,NA,NA,NA,2016-10-05
590,4,10,2016,81,2,NA,NA,NA,NA,14.4,NA,NA,NA,NA,NA,2016-10-04
3031,4,10,2016,109,2,NA,NA,NA,NA,20,NA,NA,NA,NA,NA,2016-10-04
2750,4,10,2016,104,2,NA,NA,NA,NA,12.9,NA,NA,NA,NA,NA,2016-10-04
4447,4,10,2016,133,2,NA,NA,NA,NA,0,NA,NA,NA,NA,NA,2016-10-04
71,19,9,2016,23,1,Littoral,NA,NA,NA,NA,NA,NA,NA,NA,NA,2016-09-19
244,13,8,2016,77,1,Benthic,NA,NA,NA,NA,NA,NA,NA,NA,NA,2016-08-13
242,13,8,2016,75,1,Benthic,NA,NA,NA,NA,NA,NA,NA,NA,NA,2016-08-13
151,12,7,2016,34,1,Benthic,NA,NA,NA,NA,NA,NA,NA,NA,NA,2016-07-12
132,12,7,2016,31,1,Benthic,NA,NA,NA,NA,NA,NA,NA,NA,NA,2016-07-12
99,12,7,2016,27,1,Benthic,NA,NA,NA,NA,NA,NA,NA,NA,NA,2016-07-12
108,12,7,2016,28,1,Benthic,NA,NA,NA,NA,NA,NA,NA,NA,NA,2016-07-12
125,12,7,2016,30,1,Benthic,NA,NA,NA,NA,NA,NA,NA,NA,NA,2016-07-12
118,12,7,2016,29,1,Benthic,NA,NA,NA,NA,NA,NA,NA,NA,NA,2016-07-12
78,11,7,2016,24,1,Littoral,NA,NA,NA,NA,NA,NA,NA,NA,NA,2016-07-11
31,11,7,2016,10,1,Littoral,NA,NA,NA,NA,NA,NA,NA,NA,NA,2016-07-11
70,6,7,2016,23,1,Littoral,NA,NA,NA,NA,NA,NA,NA,NA,NA,2016-07-06
60,5,7,2016,21,1,Benthic,NA,NA,NA,NA,NA,NA,NA,NA,NA,2016-07-05
45,1,7,2016,13,1,Benthic,NA,NA,NA,NA,NA,NA,NA,NA,NA,2016-07-01
13,20,6,2016,7,1,Littoral,NA,NA,NA,NA,NA,NA,NA,NA,NA,2016-06-20
30,21,4,2016,10,1,Littoral,NA,NA,NA,NA,NA,NA,NA,NA,NA,2016-04-21
86,22,3,2016,25,1,Benthic,NA,NA,NA,NA,NA,NA,NA,NA,NA,2016-03-22
117,22,3,2016,29,1,Benthic,NA,NA,NA,NA,NA,NA,NA,NA,NA,2016-03-22
124,22,3,2016,30,1,Benthic,NA,NA,NA,NA,NA,NA,NA,NA,NA,2016-03-22
131,22,3,2016,31,1,Benthic,NA,NA,NA,NA,NA,NA,NA,NA,NA,2016-03-22
107,22,3,2016,28,1,Benthic,NA,NA,NA,NA,NA,NA,NA,NA,NA,2016-03-22
138,22,3,2016,32,1,Benthic,NA,NA,NA,NA,NA,NA,NA,NA,NA,2016-03-22
57,9,3,2016,18,1,Benthic,NA,NA,NA,NA,NA,NA,NA,NA,NA,2016-03-09
58,9,3,2016,19,1,Benthic,NA,NA,NA,NA,NA,NA,NA,NA,NA,2016-03-09
52,9,3,2016,17,1,Benthic,NA,NA,NA,NA,NA,NA,NA,NA,NA,2016-03-09
130,28,9,2015,31,1,Benthic,NA,NA,NA,NA,NA,NA,NA,NA,NA,2015-09-28
123,28,9,2015,30,1,Benthic,NA,NA,NA,NA,NA,NA,NA,NA,NA,2015-09-28
144,28,9,2015,33,1,Benthic,NA,NA,NA,NA,NA,NA,NA,NA,NA,2015-09-28
69,23,9,2015,23,1,Littoral,NA,NA,NA,NA,NA,NA,NA,NA,NA,2015-09-23
29,21,9,2015,10,1,Littoral,NA,NA,NA,NA,NA,NA,NA,NA,NA,2015-09-21
160,1,9,2015,39,1,Benthic,NA,NA,NA,NA,NA,NA,NA,NA,NA,2015-09-01
167,1,9,2015,41,1,Benthic,NA,NA,NA,NA,NA,NA,NA,NA,NA,2015-09-01
168,1,9,2015,42,1,Benthic,NA,NA,NA,NA,NA,NA,NA,NA,NA,2015-09-01
589,11,8,2015,81,2,NA,NA,NA,NA,19.9,NA,NA,NA,NA,NA,2015-08-11
1549,11,8,2015,91,2,NA,NA,NA,NA,16.6,NA,NA,NA,NA,NA,2015-08-11
1548,4,8,2015,91,2,NA,NA,NA,NA,17.6,NA,NA,NA,NA,NA,2015-08-04
3253,3,8,2015,113,2,NA,NA,NA,NA,8.4,NA,NA,NA,NA,NA,2015-08-03
3252,23,7,2015,113,2,NA,NA,NA,NA,8.1,NA,NA,NA,NA,NA,2015-07-23
68,23,7,2015,23,1,Littoral,NA,NA,NA,NA,NA,NA,NA,NA,NA,2015-07-23
28,20,7,2015,10,1,Littoral,NA,NA,NA,NA,NA,NA,NA,NA,NA,2015-07-20
3251,20,7,2015,113,2,NA,NA,NA,NA,7.8,NA,NA,NA,NA,NA,2015-07-20
3250,15,7,2015,113,2,NA,NA,NA,NA,8.2,NA,NA,NA,NA,NA,2015-07-15
588,14,7,2015,81,2,NA,NA,NA,NA,19.5,NA,NA,NA,NA,NA,2015-07-14
1547,14,7,2015,91,2,NA,NA,NA,NA,19.8,NA,NA,NA,NA,NA,2015-07-14
21,13,7,2015,8,1,Littoral,NA,NA,NA,NA,NA,NA,NA,NA,NA,2015-07-13
98,13,7,2015,27,1,Benthic,NA,NA,NA,NA,NA,NA,NA,NA,NA,2015-07-13
92,13,7,2015,26,1,Benthic,NA,NA,NA,NA,NA,NA,NA,NA,NA,2015-07-13
122,13,7,2015,30,1,Benthic,NA,NA,NA,NA,NA,NA,NA,NA,NA,2015-07-13
116,13,7,2015,29,1,Benthic,NA,NA,NA,NA,NA,NA,NA,NA,NA,2015-07-13
129,13,7,2015,31,1,Benthic,NA,NA,NA,NA,NA,NA,NA,NA,NA,2015-07-13
106,13,7,2015,28,1,Benthic,NA,NA,NA,NA,NA,NA,NA,NA,NA,2015-07-13
150,13,7,2015,34,1,Benthic,NA,NA,NA,NA,NA,NA,NA,NA,NA,2015-07-13
143,13,7,2015,33,1,Benthic,NA,NA,NA,NA,NA,NA,NA,NA,NA,2015-07-13
137,13,7,2015,32,1,Benthic,NA,NA,NA,NA,NA,NA,NA,NA,NA,2015-07-13
3249,30,6,2015,113,2,NA,NA,NA,NA,8.5,NA,NA,NA,NA,NA,2015-06-30
1973,22,6,2015,96,2,NA,NA,NA,NA,16.9,NA,NA,NA,NA,NA,2015-06-22
3248,15,6,2015,113,2,NA,NA,NA,NA,5.2,NA,NA,NA,NA,NA,2015-06-15
3247,27,5,2015,113,2,NA,NA,NA,NA,1,NA,NA,NA,NA,NA,2015-05-27
587,19,5,2015,81,2,NA,NA,NA,NA,17.9,NA,NA,NA,NA,NA,2015-05-19
586,5,5,2015,81,2,NA,NA,NA,NA,14.9,NA,NA,NA,NA,NA,2015-05-05
585,24,3,2015,81,2,NA,NA,NA,NA,3.9,NA,NA,NA,NA,NA,2015-03-24
136,24,3,2015,32,1,Benthic,NA,NA,NA,NA,NA,NA,NA,NA,NA,2015-03-24
149,24,3,2015,34,1,Benthic,NA,NA,NA,NA,NA,NA,NA,NA,NA,2015-03-24
105,24,3,2015,28,1,Benthic,NA,NA,NA,NA,NA,NA,NA,NA,NA,2015-03-24
115,24,3,2015,29,1,Benthic,NA,NA,NA,NA,NA,NA,NA,NA,NA,2015-03-24
97,24,3,2015,27,1,Benthic,NA,NA,NA,NA,NA,NA,NA,NA,NA,2015-03-24
85,24,3,2015,25,1,Benthic,NA,NA,NA,NA,NA,NA,NA,NA,NA,2015-03-24
91,24,3,2015,26,1,Benthic,NA,NA,NA,NA,NA,NA,NA,NA,NA,2015-03-24
2300,17,3,2015,99,2,NA,NA,NA,NA,14.9,NA,NA,NA,NA,NA,2015-03-17
584,12,3,2015,81,2,NA,NA,NA,NA,2.9,NA,NA,NA,NA,NA,2015-03-12
2299,3,3,2015,99,2,NA,NA,NA,NA,13.4,NA,NA,NA,NA,NA,2015-03-03
2298,17,2,2015,99,2,NA,NA,NA,NA,5.6,NA,NA,NA,NA,NA,2015-02-17
2297,20,1,2015,99,2,NA,NA,NA,NA,8,NA,NA,NA,NA,NA,2015-01-20
2296,16,12,2014,99,2,NA,NA,NA,NA,10.3,NA,NA,NA,NA,NA,2014-12-16
2295,21,10,2014,99,2,NA,NA,NA,NA,13.9,NA,NA,NA,NA,NA,2014-10-21
90,30,9,2014,26,1,Benthic,NA,NA,NA,NA,NA,NA,NA,NA,NA,2014-09-30
84,30,9,2014,25,1,Benthic,NA,NA,NA,NA,NA,NA,NA,NA,NA,2014-09-30
96,30,9,2014,27,1,Benthic,NA,NA,NA,NA,NA,NA,NA,NA,NA,2014-09-30
114,30,9,2014,29,1,Benthic,NA,NA,NA,NA,NA,NA,NA,NA,NA,2014-09-30
104,30,9,2014,28,1,Benthic,NA,NA,NA,NA,NA,NA,NA,NA,NA,2014-09-30
103,22,7,2014,28,1,Benthic,NA,NA,NA,NA,NA,NA,NA,NA,NA,2014-07-22
113,22,7,2014,29,1,Benthic,NA,NA,NA,NA,NA,NA,NA,NA,NA,2014-07-22
95,22,7,2014,27,1,Benthic,NA,NA,NA,NA,NA,NA,NA,NA,NA,2014-07-22
89,22,7,2014,26,1,Benthic,NA,NA,NA,NA,NA,NA,NA,NA,NA,2014-07-22
83,22,7,2014,25,1,Benthic,NA,NA,NA,NA,NA,NA,NA,NA,NA,2014-07-22
20,9,7,2014,8,1,Littoral,NA,NA,NA,NA,NA,NA,NA,NA,NA,2014-07-09
2624,19,6,2014,102,2,NA,NA,NA,NA,18.9,NA,NA,NA,NA,NA,2014-06-19
2749,17,6,2014,104,2,NA,NA,NA,NA,23.3,NA,NA,NA,NA,NA,2014-06-17
768,3,6,2014,7,2,NA,NA,NA,NA,28.7,NA,NA,NA,NA,NA,2014-06-03
839,3,6,2014,82,2,NA,NA,NA,NA,28.8,NA,NA,NA,NA,NA,2014-06-03
956,13,5,2014,84,2,NA,NA,NA,NA,25.3,NA,NA,NA,NA,NA,2014-05-13
767,13,5,2014,7,2,NA,NA,NA,NA,28.3,NA,NA,NA,NA,NA,2014-05-13
2748,6,5,2014,104,2,NA,NA,NA,NA,18.1,NA,NA,NA,NA,NA,2014-05-06
766,15,4,2014,7,2,NA,NA,NA,NA,24.8,NA,NA,NA,NA,NA,2014-04-15
955,15,4,2014,84,2,NA,NA,NA,NA,23.5,NA,NA,NA,NA,NA,2014-04-15
954,11,3,2014,84,2,NA,NA,NA,NA,16,NA,NA,NA,NA,NA,2014-03-11
765,11,3,2014,7,2,NA,NA,NA,NA,17.9,NA,NA,NA,NA,NA,2014-03-11
764,11,2,2014,7,2,NA,NA,NA,NA,15.2,NA,NA,NA,NA,NA,2014-02-11
953,11,2,2014,84,2,NA,NA,NA,NA,13.9,NA,NA,NA,NA,NA,2014-02-11
952,16,1,2014,84,2,NA,NA,NA,NA,13.7,NA,NA,NA,NA,NA,2014-01-16
763,15,1,2014,7,2,NA,NA,NA,NA,15.3,NA,NA,NA,NA,NA,2014-01-15
